source_city,destination_city,transport_mode,distance_km,shipment_weight_kg,traffic_level,weather_condition,departure_hour,day_of_week,month,transfer_count,historical_delay_rate,actual_delivery_hours
Delhi,Kochi,AIR,2079.7,50000.0,LOW,CLEAR,6,6,2,0,0.0817,55.38
Kochi,Nagpur,AIR,1283.0,71.7,HIGH,RAIN,8,5,2,0,0.0854,3.07
Nagpur,Coimbatore,ROAD,1149.0,2526.2,MEDIUM,CLEAR,17,5,6,0,0.0185,34.12
Jaipur,Guwahati,ROAD,1588.0,125.2,MEDIUM,RAIN,10,0,9,0,0.096,36.9
Jaipur,Patna,ROAD,943.7,1830.1,MEDIUM,CLEAR,13,5,11,0,0.1792,24.55
Bhubaneswar,Ahmedabad,ROAD,1402.2,855.7,LOW,CLEAR,7,3,12,0,0.0467,29.86
Delhi,Bhopal,ROAD,595.7,1281.4,MEDIUM,CLEAR,7,6,6,0,0.2859,18.24
Nagpur,Jaipur,ROAD,723.5,367.2,LOW,STORM,15,4,11,2,0.2167,23.66
Kolkata,Indore,AIR,1283.1,2798.0,LOW,CLEAR,6,5,6,1,0.0612,8.97
Delhi,Visakhapatnam,ROAD,1360.9,192.9,LOW,RAIN,16,2,6,1,0.1592,28.01
Surat,Ahmedabad,AIR,207.7,4865.7,LOW,RAIN,11,1,3,0,0.1174,5.39
Guwahati,Surat,RAIL,2001.1,671.1,MEDIUM,SNOW,16,5,8,2,0.1147,44.1
Patna,Mumbai,RAIL,1453.2,203.7,LOW,CLEAR,10,0,4,0,0.168,17.81
Kochi,Patna,RAIL,1976.9,7434.8,LOW,RAIN,18,4,6,2,0.0324,45.43
Patna,Lucknow,ROAD,440.7,1011.5,HIGH,STORM,3,6,12,0,0.0646,21.68
Kochi,Lucknow,RAIL,1944.0,10820.1,HIGH,CLEAR,19,6,7,2,0.0449,61.02
Surat,Kolkata,ROAD,1609.7,4748.7,MEDIUM,CLEAR,8,5,4,0,0.0522,49.0
Bengaluru,Bhopal,AIR,1144.2,420.8,MEDIUM,SNOW,2,3,9,2,0.1966,9.14
Visakhapatnam,Patna,ROAD,901.3,990.3,MEDIUM,CLEAR,14,5,9,0,0.2988,23.79
Lucknow,Pune,ROAD,1176.7,1268.1,LOW,CLEAR,8,0,8,2,0.1953,32.12
Surat,Bengaluru,RAIL,1042.5,6847.0,MEDIUM,CLEAR,12,5,1,1,0.2954,26.78
Ahmedabad,Chennai,RAIL,1371.8,1853.9,LOW,SNOW,17,1,3,0,0.1731,23.58
Chennai,Ahmedabad,ROAD,1371.8,1355.0,MEDIUM,STORM,17,5,2,1,0.085,57.67
Coimbatore,Indore,RAIL,1306.5,862.8,HIGH,RAIN,14,2,12,0,0.2617,25.96
Kochi,Bengaluru,ROAD,367.7,1032.1,MEDIUM,RAIN,22,5,4,1,0.0202,14.05
Indore,Patna,RAIL,994.0,5247.5,HIGH,CLEAR,12,4,6,0,0.0307,23.51
Jaipur,Kolkata,ROAD,1357.8,1101.5,MEDIUM,CLEAR,2,6,11,1,0.2843,38.48
Visakhapatnam,Bhubaneswar,ROAD,399.0,682.7,MEDIUM,CLEAR,18,5,12,2,0.1951,17.09
Surat,Patna,ROAD,1348.1,557.0,MEDIUM,CLEAR,8,6,3,0,0.2787,37.54
Jaipur,Hyderabad,ROAD,1095.1,564.2,MEDIUM,CLEAR,7,1,11,1,0.0399,29.59
Lucknow,Bhopal,ROAD,534.5,203.9,MEDIUM,RAIN,4,2,9,2,0.2305,20.92
Kolkata,Bengaluru,ROAD,1560.7,445.7,LOW,CLEAR,9,3,8,1,0.0704,36.31
Delhi,Guwahati,ROAD,1459.4,6621.7,MEDIUM,CLEAR,9,0,3,0,0.103,44.3
Bhopal,Visakhapatnam,ROAD,865.7,855.8,LOW,CLEAR,9,0,9,0,0.2697,18.87
Bhubaneswar,Chennai,RAIL,996.3,2553.7,MEDIUM,CLEAR,14,0,8,0,0.1234,16.14
Delhi,Hyderabad,ROAD,1255.4,56.0,LOW,CLEAR,17,5,6,0,0.2012,28.52
Bhubaneswar,Chennai,RAIL,996.3,2168.9,MEDIUM,CLEAR,20,3,8,0,0.2662,17.42
Visakhapatnam,Ahmedabad,AIR,1257.9,903.6,LOW,CLEAR,6,5,3,2,0.2613,9.2
Hyderabad,Pune,ROAD,505.8,615.4,LOW,RAIN,7,5,8,1,0.0027,14.85
Indore,Surat,AIR,356.5,1362.6,MEDIUM,SNOW,14,0,2,1,0.0475,5.04
Chennai,Bhubaneswar,ROAD,996.3,604.9,LOW,SNOW,6,5,4,0,0.2756,22.81
Kochi,Patna,ROAD,1976.9,85.7,HIGH,SNOW,10,1,6,0,0.1687,67.85
Patna,Kochi,RAIL,1976.9,3316.6,MEDIUM,RAIN,15,2,2,1,0.1441,38.52
Ahmedabad,Chennai,RAIL,1371.8,1467.9,LOW,STORM,17,6,11,1,0.0196,27.61
Delhi,Patna,AIR,853.4,752.4,LOW,RAIN,8,2,11,2,0.0075,8.94
Guwahati,Visakhapatnam,ROAD,1286.2,344.0,HIGH,RAIN,16,6,6,1,0.286,48.86
Jaipur,Chennai,RAIL,1607.1,187.9,MEDIUM,CLEAR,15,3,7,0,0.1422,25.96
Bhubaneswar,Kochi,ROAD,1541.8,1434.6,MEDIUM,CLEAR,18,0,4,1,0.2359,43.97
Nagpur,Ahmedabad,ROAD,703.1,7601.7,LOW,CLEAR,9,5,3,1,0.066,25.43
Kochi,Lucknow,ROAD,1944.0,1399.4,MEDIUM,CLEAR,17,0,12,0,0.0711,52.62
Kochi,Visakhapatnam,AIR,1142.8,208.7,HIGH,SNOW,17,4,5,1,0.1681,5.62
Chennai,Bengaluru,ROAD,290.2,1436.8,LOW,CLEAR,8,3,12,0,0.2628,8.06
Ahmedabad,Hyderabad,AIR,879.5,1028.6,LOW,RAIN,15,0,1,0,0.0866,2.87
Lucknow,Kolkata,RAIL,887.0,3092.9,LOW,SNOW,16,3,2,0,0.0986,14.29
Lucknow,Pune,RAIL,1176.7,2271.2,LOW,CLEAR,8,2,6,1,0.1652,19.56
Mumbai,Ahmedabad,RAIL,440.0,30.5,MEDIUM,CLEAR,12,0,10,1,0.012,9.07
Surat,Bengaluru,AIR,1042.5,2109.7,HIGH,CLEAR,11,3,6,0,0.1136,4.28
Chennai,Patna,ROAD,1481.5,328.9,HIGH,CLEAR,17,0,11,1,0.1669,55.89
Patna,Bhopal,ROAD,823.9,199.1,MEDIUM,STORM,0,3,2,1,0.0014,29.75
Nagpur,Visakhapatnam,RAIL,579.2,874.7,LOW,RAIN,13,1,11,0,0.1914,8.0
Coimbatore,Patna,ROAD,1835.2,1795.7,HIGH,RAIN,7,5,6,0,0.0153,65.59
Patna,Bengaluru,ROAD,1610.3,153.1,LOW,RAIN,15,6,4,0,0.216,31.98
Ahmedabad,Delhi,ROAD,775.7,2554.2,LOW,RAIN,16,6,8,0,0.2405,19.34
Guwahati,Jaipur,ROAD,1588.0,2740.8,MEDIUM,RAIN,13,6,10,3,0.2516,57.23
Jaipur,Lucknow,ROAD,511.7,1160.2,LOW,CLEAR,13,0,12,2,0.202,16.2
Pune,Kolkata,ROAD,1575.4,387.2,HIGH,CLEAR,9,3,2,0,0.1685,57.2
Coimbatore,Kochi,AIR,142.3,338.6,HIGH,CLEAR,9,1,9,1,0.0923,3.46
Ahmedabad,Bhopal,ROAD,495.7,3756.0,MEDIUM,RAIN,17,0,4,0,0.1274,17.52
Delhi,Patna,AIR,853.4,178.8,MEDIUM,SNOW,7,2,7,0,0.0261,1.96
Lucknow,Bengaluru,AIR,1581.9,3933.8,LOW,RAIN,17,3,6,0,0.2121,8.51
Kochi,Visakhapatnam,ROAD,1142.8,899.4,LOW,RAIN,15,2,10,0,0.0074,22.07
Chennai,Kolkata,RAIL,1358.4,977.5,MEDIUM,STORM,19,0,5,0,0.124,28.44
Lucknow,Jaipur,RAIL,511.7,141.2,MEDIUM,CLEAR,8,2,4,0,0.1519,9.5
Bengaluru,Jaipur,RAIL,1561.5,919.6,HIGH,CLEAR,13,1,6,0,0.195,35.07
Nagpur,Visakhapatnam,ROAD,579.2,2290.0,LOW,STORM,2,0,9,0,0.103,17.05
Lucknow,Hyderabad,ROAD,1082.1,220.6,LOW,STORM,19,3,11,1,0.1328,33.93
Pune,Kolkata,ROAD,1575.4,1994.9,LOW,RAIN,16,0,1,0,0.1762,34.62
Kolkata,Pune,RAIL,1575.4,1220.3,MEDIUM,CLEAR,15,6,7,0,0.277,30.24
Bhopal,Ahmedabad,AIR,495.7,506.5,MEDIUM,STORM,16,5,1,0,0.2016,2.08
Nagpur,Chennai,RAIL,905.3,3058.3,HIGH,SNOW,9,6,8,3,0.0763,33.25
Coimbatore,Chennai,RAIL,427.4,78.0,LOW,RAIN,14,0,8,0,0.2542,5.88
Jaipur,Kolkata,AIR,1357.8,1662.4,MEDIUM,CLEAR,17,3,11,1,0.0165,7.55
Chennai,Lucknow,RAIL,1532.1,7656.6,LOW,RAIN,6,5,3,0,0.0817,25.83
Visakhapatnam,Pune,ROAD,993.7,6172.9,LOW,SNOW,21,4,10,0,0.0324,28.89
Indore,Ahmedabad,AIR,338.4,1750.7,LOW,SNOW,19,2,9,1,0.1341,5.63
Patna,Kolkata,ROAD,469.2,763.6,MEDIUM,RAIN,21,5,8,1,0.1911,17.32
Delhi,Coimbatore,ROAD,1956.9,511.3,MEDIUM,RAIN,17,2,8,3,0.1593,62.26
Pune,Kochi,RAIL,989.7,762.4,LOW,RAIN,9,6,7,0,0.2434,16.36
Kochi,Chennai,AIR,559.5,2106.0,MEDIUM,RAIN,14,0,1,0,0.1702,3.33
Visakhapatnam,Pune,ROAD,993.7,416.3,HIGH,CLEAR,6,4,10,1,0.0698,32.55
Jaipur,Chennai,ROAD,1607.1,2721.4,LOW,CLEAR,17,0,5,0,0.1609,38.31
Visakhapatnam,Hyderabad,ROAD,502.8,14182.9,LOW,CLEAR,7,6,2,1,0.2206,26.21
Visakhapatnam,Ahmedabad,ROAD,1257.9,1018.1,MEDIUM,SNOW,18,2,8,2,0.1509,44.51
Ahmedabad,Bengaluru,ROAD,1237.0,218.5,MEDIUM,CLEAR,8,0,12,0,0.1326,33.96
Bhubaneswar,Mumbai,RAIL,1361.9,218.4,HIGH,CLEAR,7,5,9,1,0.1587,35.46
Hyderabad,Jaipur,AIR,1095.1,2784.7,LOW,STORM,4,6,3,0,0.1644,6.38
Kolkata,Patna,ROAD,469.2,1020.8,MEDIUM,RAIN,16,6,10,0,0.0932,12.6
Nagpur,Pune,ROAD,620.1,3140.7,HIGH,CLEAR,7,3,11,3,0.2563,33.76
Indore,Bhubaneswar,ROAD,1065.4,578.0,LOW,CLEAR,7,0,4,0,0.0623,22.29
Bengaluru,Ahmedabad,ROAD,1237.0,2971.3,MEDIUM,SNOW,7,1,7,0,0.0098,42.04
Visakhapatnam,Coimbatore,RAIL,1002.3,906.9,HIGH,CLEAR,9,0,11,1,0.2224,24.51
Chennai,Kolkata,RAIL,1358.4,455.3,LOW,CLEAR,20,0,2,0,0.2527,19.92
Visakhapatnam,Surat,RAIL,1155.7,677.8,MEDIUM,CLEAR,12,1,5,0,0.1928,18.81
Mumbai,Kochi,ROAD,1080.2,260.7,HIGH,CLEAR,8,3,6,0,0.1407,34.26
Kochi,Delhi,RAIL,2079.7,11935.0,LOW,RAIN,7,5,1,0,0.2926,45.31
Kochi,Coimbatore,ROAD,142.3,976.9,MEDIUM,CLEAR,1,4,3,0,0.1112,4.28
Kochi,Ahmedabad,ROAD,1507.8,2376.6,MEDIUM,RAIN,10,1,8,1,0.1218,44.97
Nagpur,Lucknow,AIR,661.4,575.8,HIGH,CLEAR,6,4,4,0,0.1773,2.11
Lucknow,Indore,RAIL,688.7,310.3,HIGH,CLEAR,1,1,3,2,0.1291,19.6
Patna,Indore,AIR,994.0,828.3,HIGH,CLEAR,6,3,4,0,0.1666,2.73
Hyderabad,Mumbai,AIR,621.5,4111.0,LOW,SNOW,9,6,2,0,0.29,5.73
Kochi,Bhubaneswar,RAIL,1541.8,587.1,MEDIUM,CLEAR,17,0,8,2,0.0712,30.11
Bhopal,Indore,AIR,170.1,385.8,HIGH,CLEAR,4,6,4,2,0.0446,7.14
Lucknow,Guwahati,ROAD,1076.3,1321.5,MEDIUM,CLEAR,16,1,8,0,0.1271,24.84
Surat,Lucknow,ROAD,1037.7,1995.9,MEDIUM,RAIN,15,4,10,0,0.1512,28.93
Bhopal,Indore,ROAD,170.1,7874.8,LOW,CLEAR,19,1,6,2,0.214,16.87
Mumbai,Jaipur,ROAD,920.7,1676.6,HIGH,STORM,7,1,11,0,0.2866,47.67
Bengaluru,Bhubaneswar,ROAD,1196.1,2375.1,LOW,RAIN,17,3,3,0,0.2066,28.46
Kolkata,Visakhapatnam,ROAD,763.8,2599.6,LOW,RAIN,18,2,12,1,0.2962,24.43
Bengaluru,Coimbatore,RAIL,228.2,274.9,HIGH,RAIN,22,3,4,2,0.0739,10.56
Jaipur,Surat,RAIL,705.5,345.2,HIGH,CLEAR,17,1,4,1,0.0627,19.64
Nagpur,Kochi,RAIL,1283.0,298.7,HIGH,STORM,6,6,12,0,0.092,33.02
Nagpur,Ahmedabad,ROAD,703.1,221.7,MEDIUM,STORM,21,4,6,3,0.2361,33.07
Lucknow,Kochi,RAIL,1944.0,2848.5,LOW,CLEAR,18,5,9,0,0.056,29.59
Bhubaneswar,Delhi,ROAD,1270.2,1553.2,MEDIUM,RAIN,8,5,10,1,0.0589,42.05
Bhopal,Patna,ROAD,823.9,1206.4,LOW,CLEAR,7,5,6,0,0.1235,17.77
Delhi,Mumbai,ROAD,1148.1,48.8,HIGH,RAIN,20,0,4,1,0.0953,41.14
Kochi,Bhopal,ROAD,1487.1,12920.5,MEDIUM,SNOW,7,4,6,1,0.1939,63.76
Bhopal,Lucknow,ROAD,534.5,375.0,MEDIUM,STORM,17,6,5,0,0.2671,23.15
Indore,Lucknow,AIR,688.7,12863.8,LOW,CLEAR,11,0,5,1,0.0416,17.26
Bhopal,Lucknow,RAIL,534.5,192.7,MEDIUM,RAIN,16,3,3,2,0.164,15.22
Bhopal,Lucknow,RAIL,534.5,413.7,HIGH,RAIN,6,1,11,0,0.0265,10.87
Delhi,Jaipur,ROAD,235.3,78.0,MEDIUM,CLEAR,16,5,7,0,0.0664,5.34
Bhopal,Lucknow,AIR,534.5,1693.5,LOW,RAIN,13,6,10,0,0.0927,3.04
Kochi,Bhopal,RAIL,1487.1,292.5,LOW,RAIN,19,0,8,1,0.1737,24.07
Pune,Kochi,ROAD,989.7,302.6,LOW,SNOW,7,5,5,1,0.1665,31.73
Indore,Bhopal,RAIL,170.1,211.2,LOW,STORM,6,2,4,0,0.1929,2.86
Mumbai,Indore,ROAD,509.8,2787.3,HIGH,CLEAR,7,6,12,0,0.2457,19.81
Pune,Visakhapatnam,ROAD,993.7,2575.4,MEDIUM,CLEAR,5,0,1,1,0.0562,26.76
Jaipur,Guwahati,ROAD,1588.0,9647.4,LOW,CLEAR,22,1,4,0,0.223,37.11
Guwahati,Bengaluru,RAIL,2080.0,481.6,MEDIUM,CLEAR,6,5,9,0,0.2001,36.18
Kolkata,Patna,ROAD,469.2,1425.9,LOW,CLEAR,7,5,7,0,0.0239,11.39
Hyderabad,Kolkata,ROAD,1181.9,233.4,LOW,SNOW,17,0,8,1,0.1034,32.47
Jaipur,Chennai,ROAD,1607.1,733.6,MEDIUM,CLEAR,8,1,1,3,0.0083,50.61
Guwahati,Kochi,AIR,2429.0,588.4,LOW,RAIN,8,2,3,1,0.0271,9.2
Bhubaneswar,Delhi,ROAD,1270.2,1914.7,MEDIUM,CLEAR,16,0,8,0,0.0851,31.64
Mumbai,Visakhapatnam,ROAD,1101.9,3716.1,HIGH,CLEAR,11,5,4,2,0.0729,44.29
Kolkata,Kochi,ROAD,1906.4,3602.1,HIGH,SNOW,18,4,6,0,0.2701,88.53
Visakhapatnam,Guwahati,AIR,1286.2,398.9,LOW,RAIN,15,5,12,3,0.2681,12.58
Delhi,Nagpur,RAIL,851.7,3634.3,MEDIUM,CLEAR,9,3,8,0,0.1734,18.02
Bhubaneswar,Bengaluru,AIR,1196.1,1040.1,LOW,STORM,14,4,8,2,0.2205,11.01
Hyderabad,Bhubaneswar,ROAD,837.2,742.8,MEDIUM,CLEAR,18,4,3,2,0.2999,32.0
Coimbatore,Chennai,ROAD,427.4,468.6,LOW,CLEAR,10,4,8,2,0.1231,14.81
Hyderabad,Pune,RAIL,505.8,560.1,MEDIUM,CLEAR,16,3,12,0,0.1567,8.96
Jaipur,Bengaluru,ROAD,1561.5,8873.1,LOW,RAIN,11,4,8,2,0.1953,46.41
Nagpur,Jaipur,AIR,723.5,1585.9,HIGH,CLEAR,13,4,10,1,0.2762,5.93
Bengaluru,Patna,AIR,1610.3,1352.3,HIGH,SNOW,16,4,12,0,0.2391,4.89
Bhopal,Hyderabad,ROAD,662.8,800.6,LOW,RAIN,4,6,11,0,0.0193,14.61
Surat,Visakhapatnam,AIR,1155.7,20643.9,MEDIUM,CLEAR,12,2,5,1,0.2139,23.76
Kochi,Indore,RAIL,1422.7,5250.2,LOW,SNOW,6,6,4,2,0.0756,33.26
Guwahati,Indore,ROAD,1650.8,461.6,MEDIUM,CLEAR,16,0,4,1,0.0765,38.69
Nagpur,Coimbatore,ROAD,1149.0,789.7,LOW,CLEAR,14,3,10,0,0.1642,23.58
Jaipur,Pune,ROAD,953.9,848.0,LOW,CLEAR,9,3,5,1,0.2089,23.71
Jaipur,Guwahati,AIR,1588.0,1306.4,MEDIUM,CLEAR,5,6,10,0,0.0478,4.72
Jaipur,Bhopal,ROAD,437.9,472.7,MEDIUM,CLEAR,20,0,10,0,0.0944,11.53
Visakhapatnam,Indore,ROAD,950.0,1856.7,MEDIUM,CLEAR,9,1,8,1,0.2148,29.73
Pune,Hyderabad,RAIL,505.8,6263.6,MEDIUM,RAIN,9,3,2,1,0.0456,17.9
Chennai,Kolkata,ROAD,1358.4,226.7,LOW,CLEAR,6,5,9,1,0.2549,28.85
Pune,Chennai,ROAD,914.4,283.2,LOW,CLEAR,14,3,3,1,0.1368,18.59
Mumbai,Kolkata,RAIL,1654.8,614.1,MEDIUM,RAIN,8,4,7,0,0.1758,30.58
Bengaluru,Chennai,ROAD,290.2,649.3,MEDIUM,CLEAR,18,1,3,1,0.0241,10.63
Delhi,Patna,ROAD,853.4,12066.1,LOW,RAIN,16,6,1,0,0.2864,28.62
Kochi,Delhi,ROAD,2079.7,3648.4,LOW,RAIN,0,5,8,3,0.2723,56.8
Patna,Indore,ROAD,994.0,3405.6,MEDIUM,CLEAR,14,0,6,2,0.057,32.12
Nagpur,Coimbatore,ROAD,1149.0,798.5,MEDIUM,CLEAR,8,4,8,2,0.1989,35.66
Lucknow,Kochi,RAIL,1944.0,777.8,HIGH,CLEAR,1,0,6,2,0.2379,45.69
Patna,Jaipur,AIR,943.7,192.1,MEDIUM,CLEAR,15,3,5,1,0.0366,5.47
Chennai,Delhi,ROAD,1755.8,2802.0,MEDIUM,RAIN,8,4,1,0,0.1732,49.67
Coimbatore,Visakhapatnam,AIR,1002.3,1976.9,MEDIUM,RAIN,19,6,4,2,0.2551,11.56
Surat,Mumbai,RAIL,232.9,5131.7,LOW,RAIN,14,0,11,0,0.152,7.77
Coimbatore,Nagpur,RAIL,1149.0,851.5,LOW,CLEAR,8,2,10,2,0.2771,23.54
Chennai,Nagpur,RAIL,905.3,925.1,LOW,STORM,22,4,6,0,0.0143,14.97
Lucknow,Chennai,RAIL,1532.1,1344.9,HIGH,CLEAR,13,1,1,2,0.2758,41.69
Nagpur,Patna,AIR,790.9,3198.0,LOW,SNOW,7,4,12,1,0.2932,8.28
Lucknow,Chennai,ROAD,1532.1,187.9,MEDIUM,SNOW,13,1,9,2,0.0468,46.6
Jaipur,Kolkata,RAIL,1357.8,2652.5,MEDIUM,CLEAR,21,1,1,0,0.1293,22.33
Chennai,Visakhapatnam,ROAD,601.6,1070.0,LOW,CLEAR,11,3,3,1,0.1862,14.6
Ahmedabad,Guwahati,ROAD,1966.8,307.9,HIGH,CLEAR,11,4,3,2,0.268,72.7
Kolkata,Hyderabad,RAIL,1181.9,89.9,MEDIUM,STORM,12,1,11,0,0.0479,22.16
Pune,Coimbatore,ROAD,898.3,931.0,LOW,CLEAR,9,6,12,0,0.1002,20.08
Nagpur,Coimbatore,ROAD,1149.0,6230.8,MEDIUM,SNOW,7,6,5,0,0.2394,43.69
Indore,Kochi,ROAD,1422.7,8181.4,MEDIUM,RAIN,14,0,3,1,0.123,43.86
Indore,Bengaluru,ROAD,1099.4,1679.8,LOW,CLEAR,19,2,8,1,0.1815,27.45
Ahmedabad,Hyderabad,RAIL,879.5,11549.6,MEDIUM,RAIN,16,3,4,1,0.168,28.24
Guwahati,Nagpur,RAIL,1402.1,1041.6,MEDIUM,CLEAR,6,3,2,0,0.292,23.27
Delhi,Guwahati,ROAD,1459.4,3442.5,LOW,CLEAR,11,1,4,0,0.0425,26.19
Pune,Visakhapatnam,ROAD,993.7,638.1,HIGH,STORM,0,3,4,2,0.2845,51.04
Bengaluru,Jaipur,ROAD,1561.5,591.4,MEDIUM,CLEAR,9,6,1,1,0.1692,50.26
Pune,Kolkata,ROAD,1575.4,486.4,MEDIUM,STORM,16,2,9,0,0.2712,52.89
Guwahati,Hyderabad,RAIL,1677.6,92.5,LOW,STORM,9,1,5,0,0.0354,29.56
Ahmedabad,Pune,RAIL,518.1,5138.5,LOW,CLEAR,18,5,7,0,0.1925,10.45
Coimbatore,Guwahati,ROAD,2288.2,507.8,MEDIUM,RAIN,12,3,7,2,0.252,63.21
Lucknow,Bhopal,ROAD,534.5,419.2,MEDIUM,CLEAR,16,4,10,1,0.2361,14.52
Nagpur,Hyderabad,AIR,422.9,266.1,MEDIUM,RAIN,19,4,10,1,0.003,4.5
Lucknow,Mumbai,RAIL,1194.7,858.1,MEDIUM,STORM,16,5,7,1,0.1357,29.56
Hyderabad,Jaipur,ROAD,1095.1,9101.5,LOW,SNOW,19,5,11,2,0.0346,40.74
Kochi,Guwahati,ROAD,2429.0,13528.2,MEDIUM,STORM,17,4,7,0,0.0458,106.76
Guwahati,Jaipur,ROAD,1588.0,149.4,HIGH,CLEAR,14,3,1,0,0.2119,50.83
Hyderabad,Nagpur,AIR,422.9,716.7,MEDIUM,RAIN,9,3,11,0,0.287,1.93
Kochi,Hyderabad,ROAD,862.8,317.0,MEDIUM,CLEAR,9,1,10,3,0.1902,31.53
Hyderabad,Kochi,ROAD,862.8,3590.4,HIGH,SNOW,19,3,6,1,0.0307,37.32
Patna,Kochi,AIR,1976.9,1546.8,LOW,CLEAR,3,4,5,1,0.0732,8.26
Kochi,Indore,RAIL,1422.7,510.9,MEDIUM,CLEAR,20,5,11,2,0.1137,30.1
Jaipur,Kochi,ROAD,1888.9,1196.4,HIGH,CLEAR,9,5,6,0,0.0376,73.38
Patna,Bhopal,ROAD,823.9,618.4,MEDIUM,CLEAR,16,2,5,0,0.2544,20.16
Hyderabad,Ahmedabad,ROAD,879.5,7609.1,LOW,CLEAR,9,5,9,1,0.0584,27.87
Delhi,Patna,RAIL,853.4,2114.0,HIGH,CLEAR,21,3,4,3,0.0389,30.71
Delhi,Visakhapatnam,ROAD,1360.9,2449.9,LOW,SNOW,2,2,5,0,0.2177,33.95
Jaipur,Visakhapatnam,AIR,1278.6,44.7,LOW,SNOW,10,1,10,0,0.038,2.61
Coimbatore,Kolkata,AIR,1766.1,1012.2,LOW,CLEAR,18,1,3,2,0.1231,10.7
Bengaluru,Nagpur,RAIL,922.7,13357.8,MEDIUM,SNOW,8,4,1,1,0.1547,36.52
Lucknow,Mumbai,RAIL,1194.7,5384.9,MEDIUM,CLEAR,9,1,5,1,0.0241,28.29
Patna,Bhopal,ROAD,823.9,119.5,MEDIUM,SNOW,19,0,3,0,0.1667,27.99
Kolkata,Bhopal,ROAD,1124.0,752.9,HIGH,CLEAR,18,1,5,0,0.144,35.62
Patna,Ahmedabad,RAIL,1304.5,259.3,MEDIUM,RAIN,6,6,1,0,0.2005,20.87
Pune,Guwahati,ROAD,2022.1,8546.9,MEDIUM,CLEAR,14,1,8,0,0.0657,51.5
Visakhapatnam,Bhubaneswar,ROAD,399.0,1470.2,HIGH,CLEAR,8,1,7,2,0.107,20.53
Bhopal,Mumbai,ROAD,661.4,436.4,HIGH,RAIN,8,2,4,1,0.1979,28.7
Surat,Kolkata,ROAD,1609.7,1142.5,LOW,SNOW,15,2,8,2,0.0107,42.12
Chennai,Kolkata,ROAD,1358.4,48.0,LOW,SNOW,6,6,2,0,0.0347,33.87
Lucknow,Bhubaneswar,RAIL,881.6,298.3,MEDIUM,CLEAR,12,1,1,0,0.0851,12.95
Bhubaneswar,Surat,AIR,1354.3,1145.7,HIGH,RAIN,8,2,6,1,0.0319,7.19
Mumbai,Patna,RAIL,1453.2,3025.4,MEDIUM,SNOW,18,2,2,0,0.0119,29.78
Kochi,Visakhapatnam,AIR,1142.8,106.7,LOW,CLEAR,14,1,11,0,0.2962,2.88
Lucknow,Kochi,ROAD,1944.0,694.1,MEDIUM,CLEAR,8,2,4,0,0.1367,54.26
Patna,Delhi,AIR,853.4,3683.5,MEDIUM,CLEAR,20,1,6,0,0.1601,5.4
Nagpur,Bengaluru,RAIL,922.7,192.1,MEDIUM,CLEAR,18,5,4,0,0.0765,18.4
Jaipur,Ahmedabad,ROAD,540.5,1443.8,HIGH,CLEAR,8,5,6,0,0.0023,19.24
Pune,Patna,AIR,1402.5,1187.0,MEDIUM,CLEAR,21,1,2,2,0.2252,10.84
Indore,Chennai,ROAD,1168.6,8580.6,MEDIUM,RAIN,8,3,12,0,0.2171,45.83
Bengaluru,Ahmedabad,ROAD,1237.0,832.0,MEDIUM,RAIN,9,1,3,1,0.2918,37.97
Bhopal,Kolkata,ROAD,1124.0,892.5,MEDIUM,SNOW,10,6,5,1,0.0063,36.95
Delhi,Chennai,ROAD,1755.8,3059.3,MEDIUM,RAIN,7,0,11,1,0.0411,47.32
Indore,Chennai,ROAD,1168.6,223.3,MEDIUM,CLEAR,16,2,6,1,0.2136,31.89
Indore,Chennai,RAIL,1168.6,841.3,MEDIUM,STORM,14,2,9,0,0.099,22.14
Delhi,Bhopal,AIR,595.7,634.7,MEDIUM,RAIN,19,2,1,0,0.0191,2.07
Kochi,Jaipur,ROAD,1888.9,928.3,MEDIUM,RAIN,8,6,4,1,0.0903,61.96
Jaipur,Lucknow,RAIL,511.7,3035.4,LOW,CLEAR,7,3,10,3,0.0263,19.69
Kochi,Patna,ROAD,1976.9,2132.4,MEDIUM,RAIN,10,2,4,0,0.2513,55.76
Mumbai,Bhubaneswar,AIR,1361.9,446.6,MEDIUM,RAIN,7,5,5,0,0.2631,3.95
Chennai,Surat,ROAD,1196.8,1292.1,LOW,RAIN,21,5,1,3,0.1911,34.57
Lucknow,Indore,ROAD,688.7,6558.6,LOW,SNOW,16,1,7,1,0.1157,24.48
Chennai,Patna,RAIL,1481.5,404.4,LOW,STORM,17,3,5,1,0.2306,28.24
Pune,Nagpur,RAIL,620.1,1305.3,HIGH,STORM,17,2,11,1,0.1895,22.23
Nagpur,Bengaluru,RAIL,922.7,869.8,HIGH,RAIN,8,3,5,2,0.2376,28.71
Bengaluru,Guwahati,RAIL,2080.0,1016.8,MEDIUM,STORM,7,2,10,1,0.1533,48.71
Nagpur,Chennai,RAIL,905.3,155.0,MEDIUM,STORM,11,5,11,1,0.2875,20.5
Bengaluru,Jaipur,ROAD,1561.5,5960.5,MEDIUM,CLEAR,18,6,11,1,0.087,47.69
Chennai,Nagpur,ROAD,905.3,433.0,MEDIUM,RAIN,9,0,9,0,0.1813,22.42
Bhopal,Jaipur,ROAD,437.9,3756.7,HIGH,CLEAR,0,5,8,3,0.2424,26.26
Kochi,Kolkata,ROAD,1906.4,520.3,LOW,CLEAR,15,6,6,3,0.2682,47.99
Chennai,Coimbatore,ROAD,427.4,517.7,LOW,CLEAR,7,2,1,1,0.284,11.01
Hyderabad,Delhi,ROAD,1255.4,4702.0,MEDIUM,CLEAR,13,3,2,0,0.1185,33.53
Coimbatore,Kolkata,ROAD,1766.1,3614.3,LOW,CLEAR,1,0,5,1,0.2098,38.9
Guwahati,Patna,RAIL,663.0,1408.7,MEDIUM,CLEAR,13,2,8,0,0.0871,10.64
Bhopal,Delhi,ROAD,595.7,2733.6,MEDIUM,CLEAR,11,1,1,1,0.1948,19.18
Jaipur,Kochi,RAIL,1888.9,775.7,LOW,RAIN,19,6,12,0,0.0553,29.44
Pune,Guwahati,RAIL,2022.1,1085.7,MEDIUM,SNOW,16,0,12,2,0.1264,40.04
Indore,Delhi,ROAD,669.2,495.7,MEDIUM,STORM,2,2,1,3,0.2761,32.91
Bhopal,Jaipur,ROAD,437.9,3245.0,HIGH,CLEAR,17,3,2,0,0.2433,18.72
Hyderabad,Lucknow,RAIL,1082.1,477.2,MEDIUM,CLEAR,17,6,11,1,0.149,22.29
Mumbai,Bengaluru,RAIL,845.3,6517.1,LOW,SNOW,15,5,3,2,0.0441,25.28
Chennai,Kolkata,ROAD,1358.4,750.7,MEDIUM,CLEAR,20,6,3,0,0.1196,33.67
Guwahati,Chennai,ROAD,1882.2,1124.0,MEDIUM,STORM,17,2,3,0,0.0416,71.22
Jaipur,Chennai,RAIL,1607.1,2725.7,MEDIUM,RAIN,8,1,9,0,0.0206,34.6
Lucknow,Jaipur,RAIL,511.7,1128.5,MEDIUM,RAIN,10,3,2,2,0.272,16.46
Lucknow,Kolkata,ROAD,887.0,767.0,LOW,CLEAR,10,2,3,0,0.1474,15.24
Kochi,Hyderabad,ROAD,862.8,1057.8,MEDIUM,CLEAR,13,0,5,0,0.0268,19.56
Delhi,Chennai,AIR,1755.8,3205.4,MEDIUM,RAIN,21,5,8,0,0.215,8.56
Delhi,Kochi,ROAD,2079.7,495.0,LOW,CLEAR,15,0,12,0,0.0223,33.8
Hyderabad,Kolkata,AIR,1181.9,942.5,MEDIUM,SNOW,9,1,3,0,0.1188,3.58
Lucknow,Coimbatore,ROAD,1809.1,1110.3,HIGH,RAIN,20,6,4,1,0.0691,68.32
Nagpur,Surat,RAIL,648.8,3094.9,MEDIUM,CLEAR,16,5,7,0,0.0494,13.54
Lucknow,Visakhapatnam,ROAD,1044.9,972.8,LOW,CLEAR,8,4,6,1,0.1601,26.41
Jaipur,Indore,ROAD,466.3,9604.2,MEDIUM,CLEAR,19,0,8,1,0.2159,25.99
Coimbatore,Hyderabad,AIR,727.1,908.8,LOW,CLEAR,10,1,3,2,0.1462,8.48
Chennai,Indore,ROAD,1168.6,824.5,MEDIUM,RAIN,13,1,8,0,0.2462,29.84
Bhopal,Hyderabad,AIR,662.8,893.2,MEDIUM,RAIN,12,4,12,1,0.2752,5.72
Surat,Bengaluru,ROAD,1042.5,225.9,LOW,SNOW,20,3,9,1,0.2422,26.5
Lucknow,Hyderabad,AIR,1082.1,316.1,LOW,CLEAR,8,2,9,1,0.2869,5.65
Visakhapatnam,Hyderabad,AIR,502.8,580.1,HIGH,CLEAR,9,5,1,0,0.2787,1.85
Hyderabad,Bengaluru,RAIL,500.0,4285.5,LOW,SNOW,15,5,11,0,0.2498,11.47
Guwahati,Mumbai,ROAD,2086.3,1053.9,HIGH,RAIN,19,5,9,1,0.0878,91.27
Pune,Coimbatore,RAIL,898.3,613.0,MEDIUM,RAIN,6,0,8,0,0.0523,14.68
Surat,Jaipur,RAIL,705.5,4778.3,MEDIUM,RAIN,8,4,2,2,0.2181,23.75
Surat,Coimbatore,AIR,1211.7,7054.4,LOW,SNOW,21,1,7,2,0.2537,14.46
Visakhapatnam,Kolkata,ROAD,763.8,4946.6,LOW,CLEAR,17,1,9,1,0.2469,26.72
Jaipur,Visakhapatnam,ROAD,1278.6,394.0,LOW,CLEAR,10,6,8,3,0.1931,33.82
Hyderabad,Indore,ROAD,653.6,605.3,MEDIUM,SNOW,10,2,2,1,0.249,20.09
Mumbai,Ahmedabad,RAIL,440.0,9667.1,HIGH,CLEAR,12,5,1,0,0.2121,19.85
Ahmedabad,Hyderabad,AIR,879.5,1464.6,HIGH,SNOW,16,1,6,0,0.1996,3.48
Visakhapatnam,Mumbai,ROAD,1101.9,795.4,LOW,CLEAR,14,6,9,2,0.014,24.99
Mumbai,Delhi,RAIL,1148.1,2596.8,LOW,CLEAR,17,1,5,0,0.1381,18.99
Bhubaneswar,Chennai,AIR,996.3,3673.0,LOW,CLEAR,3,1,9,2,0.0102,10.19
Surat,Kochi,ROAD,1302.6,552.4,HIGH,SNOW,18,2,12,0,0.0277,51.98
Bengaluru,Indore,ROAD,1099.4,1427.0,LOW,SNOW,4,1,11,0,0.1623,25.43
Pune,Jaipur,RAIL,953.9,3333.8,LOW,CLEAR,19,4,8,1,0.0142,19.39
Bhopal,Kochi,RAIL,1487.1,272.5,MEDIUM,CLEAR,2,1,9,2,0.274,33.38
Pune,Chennai,ROAD,914.4,1113.0,MEDIUM,CLEAR,6,1,2,2,0.1351,27.61
Bengaluru,Kolkata,AIR,1560.7,287.9,LOW,CLEAR,7,4,2,0,0.21,3.82
Nagpur,Ahmedabad,RAIL,703.1,336.9,MEDIUM,RAIN,8,0,9,0,0.0443,14.53
Nagpur,Coimbatore,AIR,1149.0,558.0,LOW,CLEAR,11,3,10,1,0.2543,6.15
Bengaluru,Indore,AIR,1099.4,1944.1,LOW,CLEAR,15,4,3,2,0.1434,10.54
Hyderabad,Bhubaneswar,AIR,837.2,745.1,LOW,CLEAR,19,3,8,0,0.1676,2.4
Kolkata,Visakhapatnam,RAIL,763.8,503.7,LOW,RAIN,13,0,4,1,0.1945,14.54
Nagpur,Delhi,ROAD,851.7,1166.6,HIGH,RAIN,13,1,2,0,0.162,27.83
Patna,Kolkata,RAIL,469.2,276.9,MEDIUM,RAIN,9,6,5,1,0.169,12.48
Patna,Surat,ROAD,1348.1,1834.6,MEDIUM,RAIN,17,5,6,0,0.2234,43.66
Coimbatore,Delhi,RAIL,1956.9,4262.7,LOW,STORM,6,2,10,3,0.2419,44.35
Kochi,Bhubaneswar,ROAD,1541.8,997.2,MEDIUM,CLEAR,9,6,11,0,0.0918,41.59
Pune,Bhubaneswar,RAIL,1270.3,859.9,HIGH,SNOW,6,0,12,1,0.2766,33.81
Bengaluru,Surat,ROAD,1042.5,1716.6,LOW,RAIN,8,0,2,1,0.1062,30.05
Indore,Pune,ROAD,511.2,96.1,HIGH,CLEAR,14,6,12,0,0.0817,17.44
Coimbatore,Delhi,ROAD,1956.9,2088.5,MEDIUM,SNOW,6,4,7,0,0.0934,56.12
Guwahati,Indore,RAIL,1650.8,45354.4,MEDIUM,RAIN,6,4,3,1,0.1076,72.71
Kolkata,Surat,RAIL,1609.7,946.5,LOW,RAIN,18,2,8,1,0.0951,25.33
Kolkata,Kochi,ROAD,1906.4,950.6,MEDIUM,CLEAR,6,5,1,1,0.2531,58.24
Mumbai,Indore,AIR,509.8,2676.7,MEDIUM,CLEAR,14,4,6,1,0.1683,6.83
Bengaluru,Kochi,AIR,367.7,7898.3,HIGH,SNOW,10,3,10,0,0.2903,9.27
Bhopal,Chennai,ROAD,1171.1,3533.2,HIGH,CLEAR,19,2,12,2,0.0252,49.61
Surat,Coimbatore,RAIL,1211.7,82.5,LOW,CLEAR,16,2,4,0,0.1842,16.42
Ahmedabad,Bengaluru,ROAD,1237.0,2156.1,HIGH,CLEAR,4,4,3,1,0.0288,40.0
Pune,Patna,ROAD,1402.5,24012.2,HIGH,CLEAR,19,4,7,2,0.1377,73.04
Visakhapatnam,Guwahati,RAIL,1286.2,2314.5,MEDIUM,SNOW,11,5,2,2,0.1148,34.5
Lucknow,Jaipur,ROAD,511.7,274.4,LOW,RAIN,9,2,12,0,0.2042,12.47
Visakhapatnam,Delhi,AIR,1360.9,1537.9,LOW,STORM,16,1,4,0,0.2236,5.78
Guwahati,Bhubaneswar,AIR,887.3,235.8,LOW,CLEAR,16,3,3,1,0.0714,5.46
Pune,Chennai,AIR,914.4,4814.4,LOW,CLEAR,9,4,3,0,0.0581,6.87
Kolkata,Surat,RAIL,1609.7,348.3,HIGH,CLEAR,10,1,5,1,0.1259,37.62
Guwahati,Patna,RAIL,663.0,1198.8,LOW,CLEAR,7,0,9,1,0.0726,13.1
Indore,Mumbai,AIR,509.8,391.8,MEDIUM,RAIN,14,2,11,0,0.203,1.74
Hyderabad,Visakhapatnam,ROAD,502.8,569.2,MEDIUM,CLEAR,21,0,9,0,0.1553,12.43
Indore,Chennai,ROAD,1168.6,6524.9,MEDIUM,CLEAR,11,0,8,1,0.2481,36.65
Surat,Patna,RAIL,1348.1,1241.6,LOW,SNOW,23,6,4,1,0.2944,24.28
Coimbatore,Indore,ROAD,1306.5,560.6,MEDIUM,RAIN,7,5,12,0,0.1134,38.62
Hyderabad,Jaipur,ROAD,1095.1,277.5,MEDIUM,CLEAR,17,0,12,0,0.2736,30.46
Guwahati,Bengaluru,ROAD,2080.0,116.0,MEDIUM,RAIN,20,2,8,0,0.2332,52.51
Coimbatore,Guwahati,RAIL,2288.2,244.3,LOW,RAIN,16,1,10,1,0.0447,31.17
Chennai,Kolkata,ROAD,1358.4,1254.3,MEDIUM,SNOW,6,6,4,1,0.2508,46.64
Chennai,Pune,ROAD,914.4,3555.6,LOW,RAIN,9,3,6,2,0.1445,30.24
Surat,Nagpur,ROAD,648.8,559.8,MEDIUM,CLEAR,5,1,10,3,0.2127,25.04
Mumbai,Surat,ROAD,232.9,7220.3,MEDIUM,CLEAR,14,4,6,1,0.2108,15.23
Hyderabad,Surat,AIR,727.5,463.6,LOW,CLEAR,23,3,10,2,0.2658,8.0
Jaipur,Bhopal,ROAD,437.9,824.2,HIGH,RAIN,10,1,11,0,0.2283,14.03
Guwahati,Bhubaneswar,RAIL,887.3,300.2,LOW,RAIN,7,2,12,1,0.2474,16.33
Guwahati,Ahmedabad,RAIL,1966.8,3600.8,HIGH,RAIN,8,0,4,1,0.0963,49.92
Chennai,Visakhapatnam,ROAD,601.6,13589.0,HIGH,RAIN,14,4,6,1,0.2919,36.99
Bhubaneswar,Kochi,AIR,1541.8,132.4,LOW,CLEAR,14,6,5,1,0.1985,6.29
Delhi,Guwahati,RAIL,1459.4,723.9,LOW,CLEAR,8,5,7,0,0.2321,19.91
Patna,Coimbatore,RAIL,1835.2,5002.7,LOW,CLEAR,17,2,9,2,0.2577,41.26
Visakhapatnam,Kochi,ROAD,1142.8,193.2,HIGH,CLEAR,6,3,4,2,0.0371,38.48
Bhubaneswar,Kolkata,ROAD,364.9,2164.7,MEDIUM,RAIN,15,0,3,2,0.1009,18.41
Kolkata,Kochi,AIR,1906.4,4749.4,LOW,STORM,11,2,4,0,0.2508,10.29
Bhubaneswar,Patna,RAIL,593.3,1204.6,MEDIUM,CLEAR,6,0,10,3,0.2766,21.36
Bengaluru,Hyderabad,AIR,500.0,2122.4,LOW,RAIN,15,5,12,1,0.2268,6.02
Surat,Nagpur,AIR,648.8,9073.2,MEDIUM,CLEAR,16,6,2,1,0.1447,13.58
Lucknow,Hyderabad,ROAD,1082.1,11362.9,MEDIUM,RAIN,11,1,12,0,0.0753,35.77
Pune,Surat,RAIL,313.6,1018.0,LOW,CLEAR,17,4,1,2,0.1575,12.77
Mumbai,Kochi,ROAD,1080.2,578.9,HIGH,RAIN,13,4,7,1,0.1192,37.84
Kochi,Chennai,RAIL,559.5,363.6,LOW,CLEAR,9,2,2,1,0.2657,11.81
Pune,Kochi,ROAD,989.7,3541.7,MEDIUM,CLEAR,21,5,12,3,0.1702,37.28
Nagpur,Lucknow,ROAD,661.4,211.4,MEDIUM,RAIN,21,4,10,0,0.1176,16.6
Jaipur,Guwahati,RAIL,1588.0,809.9,HIGH,CLEAR,6,1,5,1,0.1495,36.03
Ahmedabad,Mumbai,RAIL,440.0,1240.4,MEDIUM,CLEAR,21,5,9,0,0.2801,9.18
Bhubaneswar,Patna,RAIL,593.3,599.7,HIGH,CLEAR,17,4,11,0,0.184,14.56
Delhi,Visakhapatnam,ROAD,1360.9,1534.2,LOW,STORM,6,2,3,0,0.0687,36.63
Patna,Coimbatore,ROAD,1835.2,23799.4,HIGH,CLEAR,13,5,8,0,0.15,82.79
Patna,Chennai,AIR,1481.5,947.7,LOW,RAIN,2,4,4,0,0.1397,5.0
Ahmedabad,Guwahati,ROAD,1966.8,650.4,MEDIUM,SNOW,14,0,9,0,0.0931,54.29
Hyderabad,Ahmedabad,ROAD,879.5,3708.6,LOW,RAIN,20,1,7,0,0.2209,19.46
Mumbai,Ahmedabad,RAIL,440.0,1461.9,HIGH,CLEAR,10,2,9,1,0.0805,12.26
Coimbatore,Ahmedabad,ROAD,1413.7,6168.5,HIGH,RAIN,13,0,8,0,0.1478,49.31
Coimbatore,Indore,RAIL,1306.5,1336.3,MEDIUM,CLEAR,8,2,8,0,0.1323,22.94
Kolkata,Nagpur,ROAD,970.1,813.9,MEDIUM,RAIN,13,3,2,0,0.1401,24.01
Mumbai,Lucknow,AIR,1194.7,129.0,MEDIUM,CLEAR,17,5,11,0,0.17,2.72
Bengaluru,Delhi,AIR,1739.8,157.0,LOW,SNOW,8,1,3,0,0.205,4.22
Delhi,Guwahati,AIR,1459.4,121.2,MEDIUM,SNOW,14,3,5,2,0.0429,9.36
Visakhapatnam,Kolkata,RAIL,763.8,1728.8,MEDIUM,CLEAR,10,4,7,1,0.0865,15.54
Bhubaneswar,Delhi,ROAD,1270.2,213.9,MEDIUM,CLEAR,17,3,11,0,0.2319,36.02
Chennai,Bhopal,RAIL,1171.1,4947.8,LOW,CLEAR,16,6,8,1,0.2723,24.01
Patna,Jaipur,AIR,943.7,1137.2,HIGH,RAIN,16,2,3,0,0.0134,3.58
Chennai,Indore,RAIL,1168.6,818.1,LOW,CLEAR,10,2,4,1,0.022,17.66
Ahmedabad,Bhubaneswar,RAIL,1402.2,398.4,MEDIUM,RAIN,14,0,3,3,0.2801,32.27
Bhopal,Delhi,RAIL,595.7,2313.9,LOW,RAIN,15,2,8,0,0.0444,10.02
Patna,Hyderabad,RAIL,1142.6,417.6,LOW,STORM,16,0,9,0,0.2938,19.04
Bhubaneswar,Surat,RAIL,1354.3,336.1,LOW,CLEAR,14,6,9,1,0.2485,21.84
Mumbai,Kochi,ROAD,1080.2,4564.3,LOW,CLEAR,18,1,10,0,0.0362,26.52
Chennai,Indore,ROAD,1168.6,1678.3,MEDIUM,CLEAR,8,5,9,0,0.0308,32.35
Hyderabad,Ahmedabad,RAIL,879.5,827.2,MEDIUM,RAIN,3,0,11,1,0.2932,18.69
Pune,Indore,ROAD,511.2,2367.8,MEDIUM,CLEAR,21,1,11,1,0.0764,16.66
Guwahati,Lucknow,AIR,1076.3,1108.5,MEDIUM,CLEAR,4,0,4,0,0.1616,3.29
Kochi,Bhubaneswar,RAIL,1541.8,1736.5,LOW,CLEAR,19,2,4,2,0.0709,25.04
Pune,Kochi,ROAD,989.7,411.5,LOW,RAIN,15,4,1,0,0.1802,19.35
Guwahati,Pune,AIR,2022.1,13154.0,MEDIUM,STORM,20,2,4,0,0.252,19.52
Lucknow,Kolkata,RAIL,887.0,547.0,MEDIUM,CLEAR,14,4,7,1,0.1971,18.27
Surat,Kochi,RAIL,1302.6,7095.5,MEDIUM,CLEAR,18,5,8,1,0.014,34.23
Jaipur,Kolkata,ROAD,1357.8,874.2,LOW,CLEAR,16,0,11,1,0.1786,28.13
Bengaluru,Pune,AIR,735.2,2888.6,HIGH,CLEAR,13,2,8,1,0.1983,7.25
Coimbatore,Kolkata,ROAD,1766.1,2646.7,LOW,STORM,10,4,12,1,0.0603,50.23
Mumbai,Indore,RAIL,509.8,4342.6,MEDIUM,CLEAR,0,3,7,2,0.2286,17.46
Chennai,Hyderabad,ROAD,515.2,399.9,LOW,RAIN,8,1,11,1,0.1881,13.48
Kolkata,Nagpur,RAIL,970.1,3986.9,MEDIUM,STORM,21,1,10,0,0.0029,20.5
Hyderabad,Coimbatore,RAIL,727.1,10054.0,MEDIUM,RAIN,9,2,6,1,0.2852,28.74
Bengaluru,Visakhapatnam,RAIL,799.0,804.0,MEDIUM,CLEAR,17,4,11,0,0.1337,16.03
Mumbai,Coimbatore,ROAD,997.2,1143.3,LOW,RAIN,13,6,11,1,0.0697,24.82
Nagpur,Mumbai,AIR,688.0,585.1,MEDIUM,CLEAR,9,2,4,0,0.0259,1.97
Guwahati,Lucknow,RAIL,1076.3,723.6,LOW,CLEAR,23,3,3,0,0.1123,12.42
Bengaluru,Kolkata,ROAD,1560.7,8550.2,MEDIUM,STORM,3,2,2,1,0.0923,62.96
Hyderabad,Coimbatore,AIR,727.1,328.6,LOW,CLEAR,14,0,12,1,0.0894,5.0
Surat,Patna,RAIL,1348.1,354.1,LOW,CLEAR,12,2,6,0,0.238,17.83
Coimbatore,Pune,AIR,898.3,7578.6,MEDIUM,CLEAR,5,2,7,0,0.1938,9.88
Nagpur,Bhopal,AIR,291.6,2320.3,LOW,CLEAR,8,1,4,2,0.0399,9.45
Kochi,Indore,AIR,1422.7,13966.9,LOW,RAIN,16,4,5,3,0.2124,29.12
Bhopal,Lucknow,RAIL,534.5,638.7,HIGH,SNOW,6,1,5,0,0.217,12.63
Jaipur,Lucknow,RAIL,511.7,1276.1,HIGH,RAIN,17,1,7,0,0.1543,15.26
Chennai,Delhi,ROAD,1755.8,496.3,HIGH,CLEAR,15,2,3,0,0.2987,49.1
Bhubaneswar,Lucknow,RAIL,881.6,1302.4,LOW,CLEAR,6,6,10,0,0.085,11.54
Visakhapatnam,Pune,RAIL,993.7,130.5,MEDIUM,CLEAR,9,4,5,0,0.0175,16.9
Mumbai,Visakhapatnam,RAIL,1101.9,2494.8,MEDIUM,RAIN,7,2,3,2,0.0086,28.53
Patna,Bhubaneswar,AIR,593.3,1616.7,LOW,SNOW,17,5,1,1,0.0962,5.87
Delhi,Kochi,ROAD,2079.7,1023.4,MEDIUM,RAIN,13,0,2,0,0.1494,51.86
Patna,Mumbai,ROAD,1453.2,686.5,LOW,SNOW,0,2,4,0,0.0235,34.69
Visakhapatnam,Ahmedabad,RAIL,1257.9,374.8,HIGH,SNOW,13,3,9,0,0.1697,28.1
Bengaluru,Jaipur,ROAD,1561.5,2626.1,MEDIUM,CLEAR,12,3,11,1,0.2703,40.79
Jaipur,Coimbatore,ROAD,1771.7,269.0,MEDIUM,RAIN,15,4,12,0,0.2391,49.92
Bengaluru,Bhubaneswar,ROAD,1196.1,2026.9,MEDIUM,RAIN,2,4,4,0,0.2017,33.93
Bhopal,Delhi,AIR,595.7,13218.1,LOW,STORM,2,3,8,1,0.1985,18.99
Coimbatore,Ahmedabad,ROAD,1413.7,6520.0,LOW,CLEAR,10,6,4,0,0.2191,34.17
Delhi,Patna,ROAD,853.4,180.2,MEDIUM,RAIN,16,6,2,1,0.1483,23.83
Ahmedabad,Surat,ROAD,207.7,575.9,MEDIUM,CLEAR,15,3,7,2,0.1205,11.33
Guwahati,Hyderabad,ROAD,1677.6,1818.5,MEDIUM,RAIN,9,6,8,0,0.092,47.49
Pune,Surat,ROAD,313.6,1007.9,LOW,STORM,8,4,10,0,0.0299,10.22
Bengaluru,Bhubaneswar,RAIL,1196.1,204.5,MEDIUM,STORM,16,0,2,2,0.1686,30.76
Lucknow,Kolkata,RAIL,887.0,1741.3,LOW,CLEAR,1,0,9,0,0.1418,12.96
Surat,Patna,ROAD,1348.1,1083.5,LOW,CLEAR,14,0,4,0,0.0357,23.84
Nagpur,Patna,RAIL,790.9,10907.3,HIGH,SNOW,11,1,4,2,0.0805,35.73
Pune,Bhubaneswar,ROAD,1270.3,809.3,MEDIUM,RAIN,8,2,1,1,0.2362,39.27
Guwahati,Hyderabad,ROAD,1677.6,4454.2,MEDIUM,STORM,13,0,3,2,0.0767,69.24
Surat,Kolkata,AIR,1609.7,239.7,HIGH,CLEAR,8,4,6,0,0.1277,3.79
Hyderabad,Surat,RAIL,727.5,319.4,LOW,SNOW,14,2,3,0,0.0484,9.42
Guwahati,Surat,AIR,2001.1,2607.1,HIGH,RAIN,7,4,4,0,0.051,7.51
Coimbatore,Jaipur,ROAD,1771.7,4025.8,MEDIUM,CLEAR,11,3,7,0,0.2269,48.26
Lucknow,Kochi,ROAD,1944.0,347.6,MEDIUM,CLEAR,13,1,2,1,0.02,45.97
Mumbai,Kochi,ROAD,1080.2,1128.8,LOW,RAIN,2,4,11,0,0.0855,20.81
Bhopal,Kolkata,ROAD,1124.0,209.0,LOW,CLEAR,15,6,4,0,0.2943,22.84
Bhopal,Kochi,AIR,1487.1,882.3,MEDIUM,SNOW,17,2,10,0,0.1428,4.33
Bengaluru,Kolkata,ROAD,1560.7,2993.8,LOW,RAIN,21,2,8,0,0.1819,32.56
Indore,Jaipur,AIR,466.3,650.7,LOW,CLEAR,8,3,10,0,0.1922,1.59
Visakhapatnam,Mumbai,AIR,1101.9,813.3,MEDIUM,CLEAR,8,5,4,1,0.0588,6.24
Bengaluru,Pune,RAIL,735.2,282.7,MEDIUM,STORM,9,3,3,0,0.1108,17.3
Patna,Guwahati,ROAD,663.0,503.7,LOW,RAIN,19,5,2,1,0.1202,20.87
Bengaluru,Jaipur,RAIL,1561.5,9042.9,MEDIUM,SNOW,11,0,3,0,0.0692,36.77
Patna,Bengaluru,ROAD,1610.3,1196.9,HIGH,SNOW,9,0,7,0,0.0702,63.63
Jaipur,Indore,RAIL,466.3,329.4,MEDIUM,RAIN,17,2,8,2,0.1824,16.46
Mumbai,Ahmedabad,ROAD,440.0,751.7,MEDIUM,STORM,2,1,10,2,0.0325,22.29
Guwahati,Patna,AIR,663.0,161.3,MEDIUM,RAIN,13,0,12,0,0.0387,1.54
Chennai,Coimbatore,RAIL,427.4,324.7,LOW,RAIN,12,1,10,0,0.172,5.42
Bhopal,Surat,RAIL,525.7,5610.6,LOW,CLEAR,15,1,5,2,0.1348,17.41
Chennai,Bengaluru,RAIL,290.2,924.3,HIGH,CLEAR,16,6,6,1,0.1836,10.39
Coimbatore,Lucknow,RAIL,1809.1,10602.8,MEDIUM,RAIN,9,5,12,0,0.0081,38.6
Patna,Bengaluru,AIR,1610.3,978.1,MEDIUM,CLEAR,15,2,9,0,0.2115,4.51
Visakhapatnam,Jaipur,ROAD,1278.6,1050.3,HIGH,RAIN,13,6,6,0,0.255,47.39
Jaipur,Delhi,AIR,235.3,2366.3,LOW,STORM,7,5,10,1,0.1572,5.2
Lucknow,Indore,AIR,688.7,44.4,LOW,CLEAR,19,1,2,1,0.2523,4.77
Indore,Pune,AIR,511.2,1402.4,MEDIUM,CLEAR,17,3,9,0,0.1199,2.59
Kochi,Kolkata,ROAD,1906.4,1034.0,LOW,RAIN,20,6,12,0,0.0237,36.5
Visakhapatnam,Mumbai,AIR,1101.9,6524.0,MEDIUM,CLEAR,16,3,7,0,0.1133,8.34
Mumbai,Bhubaneswar,ROAD,1361.9,3489.9,HIGH,SNOW,8,2,8,1,0.1339,60.74
Nagpur,Visakhapatnam,RAIL,579.2,281.3,MEDIUM,RAIN,11,6,1,2,0.2597,14.16
Bengaluru,Visakhapatnam,ROAD,799.0,4868.6,LOW,CLEAR,10,4,8,1,0.1004,21.5
Hyderabad,Delhi,ROAD,1255.4,800.5,MEDIUM,RAIN,2,3,4,1,0.0945,35.09
Visakhapatnam,Pune,ROAD,993.7,370.4,LOW,RAIN,11,6,12,0,0.2664,20.38
Hyderabad,Guwahati,ROAD,1677.6,1389.3,HIGH,CLEAR,10,5,4,1,0.0753,58.04
Kochi,Bhopal,ROAD,1487.1,859.8,LOW,CLEAR,0,2,4,0,0.1927,28.18
Lucknow,Bengaluru,AIR,1581.9,6947.6,HIGH,CLEAR,18,2,5,0,0.098,10.4
Kolkata,Bengaluru,ROAD,1560.7,1650.4,MEDIUM,SNOW,7,0,9,0,0.2854,52.89
Pune,Hyderabad,RAIL,505.8,1403.6,MEDIUM,CLEAR,13,0,12,2,0.0569,15.42
Surat,Guwahati,ROAD,2001.1,3231.7,MEDIUM,CLEAR,17,6,5,0,0.2172,63.03
Kochi,Chennai,RAIL,559.5,4070.2,LOW,CLEAR,14,0,3,0,0.165,10.58
Indore,Coimbatore,RAIL,1306.5,2808.3,MEDIUM,CLEAR,7,5,10,2,0.2936,35.01
Coimbatore,Nagpur,ROAD,1149.0,6023.1,HIGH,CLEAR,15,1,7,1,0.2982,46.15
Bhubaneswar,Coimbatore,RAIL,1401.3,2276.6,HIGH,SNOW,17,3,6,0,0.2381,39.95
Kochi,Visakhapatnam,AIR,1142.8,1341.0,LOW,CLEAR,18,5,12,0,0.031,3.97
Indore,Pune,AIR,511.2,4851.3,MEDIUM,RAIN,9,6,6,2,0.1407,11.66
Hyderabad,Visakhapatnam,ROAD,502.8,983.3,HIGH,CLEAR,2,2,8,0,0.2564,15.96
Jaipur,Chennai,ROAD,1607.1,1141.3,HIGH,CLEAR,14,6,12,0,0.1915,49.52
Bengaluru,Hyderabad,RAIL,500.0,8655.0,MEDIUM,CLEAR,8,3,3,0,0.2637,18.33
Ahmedabad,Kolkata,ROAD,1618.9,7679.5,LOW,RAIN,17,6,11,0,0.2398,46.12
Coimbatore,Bengaluru,AIR,228.2,1085.9,HIGH,STORM,16,0,12,1,0.0939,4.58
Jaipur,Delhi,ROAD,235.3,636.3,LOW,CLEAR,17,1,6,2,0.0585,12.2
Bengaluru,Chennai,AIR,290.2,6347.4,LOW,STORM,21,4,5,0,0.0968,7.84
Nagpur,Bengaluru,ROAD,922.7,2865.5,MEDIUM,CLEAR,14,4,2,3,0.2088,32.91
Guwahati,Ahmedabad,ROAD,1966.8,1601.5,LOW,RAIN,19,5,1,1,0.1443,47.05
Bhubaneswar,Delhi,AIR,1270.2,745.3,HIGH,RAIN,15,2,12,1,0.0132,7.31
Hyderabad,Delhi,AIR,1255.4,1632.8,LOW,CLEAR,7,4,6,0,0.2227,4.53
Lucknow,Guwahati,AIR,1076.3,1068.4,MEDIUM,CLEAR,17,4,9,0,0.0134,3.3
Surat,Delhi,AIR,937.9,494.1,HIGH,CLEAR,16,6,3,1,0.1228,5.51
Kolkata,Delhi,ROAD,1303.8,1280.3,HIGH,RAIN,22,0,4,1,0.1387,44.56
Hyderabad,Mumbai,ROAD,621.5,1508.0,HIGH,CLEAR,8,0,10,0,0.1509,22.07
Kolkata,Bengaluru,ROAD,1560.7,698.9,HIGH,SNOW,9,4,8,0,0.0417,67.0
Guwahati,Surat,RAIL,2001.1,3244.1,LOW,CLEAR,18,0,3,0,0.2243,30.61
Patna,Visakhapatnam,ROAD,901.3,5149.2,HIGH,STORM,4,1,1,0,0.2548,46.35
Visakhapatnam,Patna,AIR,901.3,3511.8,HIGH,CLEAR,15,3,10,0,0.2094,5.51
Visakhapatnam,Bhopal,ROAD,865.7,787.2,MEDIUM,RAIN,13,1,1,0,0.2853,22.24
Guwahati,Delhi,ROAD,1459.4,2716.2,MEDIUM,CLEAR,7,1,1,0,0.0773,43.26
Bengaluru,Kochi,ROAD,367.7,1204.2,LOW,CLEAR,7,2,4,2,0.0482,14.83
Bhubaneswar,Mumbai,ROAD,1361.9,248.9,MEDIUM,CLEAR,17,4,12,2,0.0202,41.08
Delhi,Indore,ROAD,669.2,2458.4,MEDIUM,RAIN,1,2,8,0,0.2165,20.16
Lucknow,Jaipur,RAIL,511.7,1306.8,MEDIUM,CLEAR,17,5,1,0,0.0486,9.44
Bhopal,Bhubaneswar,ROAD,928.8,24643.2,MEDIUM,RAIN,16,1,12,0,0.2815,47.75
Ahmedabad,Pune,RAIL,518.1,6302.6,MEDIUM,STORM,15,0,12,0,0.1795,15.28
Bengaluru,Indore,AIR,1099.4,2574.4,LOW,CLEAR,11,1,9,2,0.2412,11.11
Chennai,Jaipur,RAIL,1607.1,1478.8,HIGH,CLEAR,1,6,1,0,0.1304,35.08
Visakhapatnam,Surat,RAIL,1155.7,1334.7,LOW,CLEAR,17,1,1,2,0.2205,23.68
Pune,Coimbatore,ROAD,898.3,328.8,LOW,CLEAR,6,0,11,0,0.1331,17.26
Pune,Patna,ROAD,1402.5,136.1,LOW,CLEAR,9,2,10,3,0.1616,35.07
Coimbatore,Jaipur,ROAD,1771.7,384.9,HIGH,RAIN,21,4,10,1,0.2321,59.55
Bengaluru,Jaipur,AIR,1561.5,1035.6,HIGH,CLEAR,9,2,6,1,0.0714,7.42
Coimbatore,Patna,RAIL,1835.2,87.7,LOW,CLEAR,8,2,8,2,0.2654,32.67
Coimbatore,Pune,ROAD,898.3,570.7,LOW,RAIN,22,0,3,0,0.2149,17.42
Bhopal,Chennai,ROAD,1171.1,814.7,MEDIUM,CLEAR,5,4,1,0,0.224,30.07
Chennai,Lucknow,AIR,1532.1,846.8,LOW,RAIN,7,1,3,0,0.0714,4.83
Chennai,Delhi,RAIL,1755.8,495.7,MEDIUM,STORM,11,0,8,2,0.027,40.57
Hyderabad,Chennai,RAIL,515.2,727.9,LOW,CLEAR,17,5,5,2,0.0219,12.67
Bhopal,Jaipur,AIR,437.9,8679.1,MEDIUM,RAIN,19,6,8,0,0.1941,9.85
Chennai,Kochi,RAIL,559.5,2427.4,LOW,SNOW,17,4,6,1,0.045,14.02
Lucknow,Kochi,RAIL,1944.0,559.8,MEDIUM,RAIN,22,6,7,0,0.2998,34.28
Bengaluru,Hyderabad,ROAD,500.0,1010.3,MEDIUM,SNOW,1,2,12,0,0.2883,16.81
Surat,Jaipur,ROAD,705.5,1060.0,LOW,SNOW,15,3,8,1,0.0088,18.7
Mumbai,Chennai,AIR,1033.1,436.4,LOW,RAIN,6,2,12,0,0.2175,3.36
Patna,Kochi,RAIL,1976.9,435.7,LOW,RAIN,19,3,12,0,0.0782,28.91
Delhi,Kolkata,ROAD,1303.8,3687.2,LOW,RAIN,20,6,8,1,0.1023,33.35
Chennai,Kochi,RAIL,559.5,662.7,HIGH,RAIN,9,4,12,1,0.0721,17.41
Chennai,Visakhapatnam,ROAD,601.6,294.8,LOW,RAIN,18,0,3,1,0.2492,18.55
Visakhapatnam,Nagpur,AIR,579.2,1041.3,LOW,CLEAR,15,4,7,0,0.2681,2.46
Delhi,Pune,ROAD,1173.0,1263.5,LOW,SNOW,6,2,1,0,0.0121,25.72
Jaipur,Guwahati,AIR,1588.0,102.8,MEDIUM,CLEAR,14,3,2,1,0.081,6.2
Bhopal,Nagpur,RAIL,291.6,1044.3,HIGH,CLEAR,22,3,2,2,0.1346,12.05
Surat,Indore,ROAD,356.5,3107.5,MEDIUM,CLEAR,9,4,2,0,0.1565,10.94
Nagpur,Bhubaneswar,ROAD,706.9,1884.6,MEDIUM,CLEAR,0,6,5,2,0.0263,24.33
Visakhapatnam,Bhubaneswar,AIR,399.0,15926.7,HIGH,RAIN,22,6,9,1,0.249,19.56
Ahmedabad,Delhi,ROAD,775.7,4921.3,MEDIUM,CLEAR,11,6,12,2,0.2802,29.87
Visakhapatnam,Bhubaneswar,ROAD,399.0,6239.9,HIGH,RAIN,11,4,12,1,0.1209,23.21
Pune,Kochi,RAIL,989.7,31574.4,MEDIUM,RAIN,16,1,3,0,0.2572,47.73
Guwahati,Kolkata,ROAD,523.8,2723.8,LOW,CLEAR,14,1,6,1,0.2029,16.79
Surat,Pune,ROAD,313.6,1333.7,MEDIUM,CLEAR,9,5,6,0,0.1775,9.72
Patna,Kochi,ROAD,1976.9,3528.0,LOW,RAIN,6,6,2,0,0.2457,43.42
Bhubaneswar,Kolkata,AIR,364.9,560.5,LOW,RAIN,18,0,1,0,0.1419,1.36
Kochi,Lucknow,ROAD,1944.0,1247.9,HIGH,CLEAR,12,1,5,0,0.1643,61.12
Bhubaneswar,Nagpur,ROAD,706.9,504.1,LOW,CLEAR,16,4,11,1,0.0824,16.68
Surat,Nagpur,ROAD,648.8,1768.0,MEDIUM,CLEAR,18,1,5,2,0.2137,24.34
Mumbai,Coimbatore,ROAD,997.2,501.6,HIGH,CLEAR,1,0,5,0,0.0477,27.6
Lucknow,Bengaluru,ROAD,1581.9,480.9,MEDIUM,CLEAR,18,6,12,0,0.0729,46.11
Chennai,Hyderabad,ROAD,515.2,1801.1,LOW,STORM,17,0,5,3,0.144,24.33
Bhubaneswar,Guwahati,ROAD,887.3,929.6,MEDIUM,CLEAR,21,1,9,0,0.1156,22.07
Kolkata,Bhopal,ROAD,1124.0,108.5,HIGH,CLEAR,8,6,12,0,0.0719,38.12
Kolkata,Hyderabad,AIR,1181.9,191.2,LOW,SNOW,9,0,2,2,0.0576,8.91
Kolkata,Pune,ROAD,1575.4,276.8,LOW,RAIN,15,5,7,3,0.2583,45.31
Indore,Bhopal,ROAD,170.1,380.1,MEDIUM,CLEAR,20,3,5,1,0.1773,7.49
Bhopal,Hyderabad,AIR,662.8,1803.2,HIGH,RAIN,23,3,2,0,0.1132,3.35
Coimbatore,Indore,AIR,1306.5,1426.1,LOW,STORM,11,5,1,1,0.2537,9.0
Jaipur,Indore,RAIL,466.3,3937.6,LOW,CLEAR,13,0,8,2,0.2475,15.99
Hyderabad,Chennai,ROAD,515.2,2706.4,HIGH,CLEAR,7,0,8,2,0.0333,30.36
Mumbai,Indore,ROAD,509.8,3969.1,LOW,SNOW,16,1,7,0,0.1702,14.01
Mumbai,Coimbatore,ROAD,997.2,2275.8,LOW,SNOW,18,3,9,2,0.0917,30.1
Ahmedabad,Bengaluru,ROAD,1237.0,1410.4,MEDIUM,STORM,17,6,9,1,0.1623,57.34
Coimbatore,Pune,ROAD,898.3,4102.0,LOW,CLEAR,10,0,1,0,0.2154,20.65
Surat,Nagpur,RAIL,648.8,3305.3,LOW,STORM,21,2,1,0,0.0026,13.19
Bhubaneswar,Indore,ROAD,1065.4,1722.1,MEDIUM,CLEAR,6,3,5,0,0.1541,24.74
Bengaluru,Nagpur,RAIL,922.7,5040.6,MEDIUM,RAIN,13,1,7,2,0.0875,25.55
Delhi,Bhopal,ROAD,595.7,65.7,MEDIUM,SNOW,14,2,11,0,0.1602,17.38
Visakhapatnam,Nagpur,ROAD,579.2,773.9,LOW,CLEAR,13,1,12,1,0.033,13.22
Bengaluru,Indore,RAIL,1099.4,759.8,MEDIUM,CLEAR,17,0,10,0,0.2453,20.76
Delhi,Kochi,AIR,2079.7,4373.1,MEDIUM,RAIN,15,3,4,1,0.1631,11.64
Jaipur,Delhi,ROAD,235.3,7227.7,HIGH,SNOW,5,6,7,0,0.0633,16.42
Coimbatore,Jaipur,RAIL,1771.7,192.4,MEDIUM,CLEAR,7,2,2,2,0.2309,40.63
Nagpur,Jaipur,ROAD,723.5,5963.4,MEDIUM,SNOW,13,4,6,1,0.0113,26.85
Delhi,Guwahati,ROAD,1459.4,268.9,HIGH,CLEAR,16,4,2,1,0.1778,43.74
Visakhapatnam,Kolkata,RAIL,763.8,278.8,HIGH,CLEAR,13,5,12,1,0.1505,20.2
Visakhapatnam,Pune,ROAD,993.7,827.9,LOW,CLEAR,10,5,6,1,0.0119,19.91
Visakhapatnam,Jaipur,ROAD,1278.6,748.6,HIGH,STORM,3,6,9,2,0.0749,67.32
Coimbatore,Visakhapatnam,ROAD,1002.3,169.0,HIGH,CLEAR,17,5,2,0,0.0231,34.75
Kolkata,Patna,ROAD,469.2,2391.9,LOW,RAIN,13,6,12,2,0.2197,17.9
Guwahati,Kochi,ROAD,2429.0,2478.2,LOW,CLEAR,13,6,7,0,0.2117,52.88
Pune,Kolkata,ROAD,1575.4,3884.9,MEDIUM,STORM,12,5,1,1,0.0268,63.83
Visakhapatnam,Lucknow,AIR,1044.9,651.9,MEDIUM,SNOW,8,3,5,2,0.0328,9.0
Bhopal,Surat,RAIL,525.7,1045.8,MEDIUM,CLEAR,9,2,3,2,0.2641,14.77
Kochi,Mumbai,ROAD,1080.2,1057.3,MEDIUM,CLEAR,4,3,1,0,0.0603,25.89
Indore,Kochi,ROAD,1422.7,8313.2,LOW,CLEAR,16,5,1,0,0.0911,32.45
Indore,Guwahati,RAIL,1650.8,36.6,LOW,CLEAR,8,5,9,2,0.2053,29.73
Indore,Lucknow,ROAD,688.7,347.8,HIGH,SNOW,9,3,11,0,0.0182,28.51
Kochi,Surat,RAIL,1302.6,1103.9,LOW,RAIN,23,0,8,2,0.2843,26.67
Patna,Lucknow,RAIL,440.7,298.1,MEDIUM,CLEAR,10,1,9,0,0.0069,6.6
Bengaluru,Delhi,ROAD,1739.8,804.3,LOW,RAIN,13,4,1,0,0.2547,33.8
Visakhapatnam,Indore,ROAD,950.0,942.7,MEDIUM,CLEAR,10,2,3,1,0.1083,27.25
Surat,Patna,ROAD,1348.1,498.1,MEDIUM,CLEAR,9,3,1,0,0.045,35.85
Pune,Coimbatore,ROAD,898.3,1184.8,LOW,CLEAR,0,2,12,0,0.1132,17.65
Surat,Coimbatore,ROAD,1211.7,2330.4,MEDIUM,CLEAR,18,0,9,0,0.2919,38.11
Guwahati,Lucknow,AIR,1076.3,825.9,MEDIUM,RAIN,12,3,12,3,0.1587,13.55
Bhubaneswar,Guwahati,ROAD,887.3,636.6,LOW,CLEAR,16,3,11,1,0.0178,17.73
Visakhapatnam,Surat,RAIL,1155.7,898.8,LOW,RAIN,21,5,3,3,0.2825,24.07
Lucknow,Indore,RAIL,688.7,1086.9,MEDIUM,CLEAR,0,0,7,0,0.0431,11.67
Kochi,Indore,ROAD,1422.7,135.9,MEDIUM,RAIN,16,3,8,0,0.0164,33.79
Ahmedabad,Guwahati,ROAD,1966.8,1908.1,MEDIUM,CLEAR,6,5,9,0,0.0136,46.47
Nagpur,Patna,ROAD,790.9,638.3,MEDIUM,CLEAR,12,1,9,0,0.2479,18.32
Indore,Bengaluru,RAIL,1099.4,4983.3,LOW,CLEAR,18,2,6,0,0.0459,19.88
Kolkata,Delhi,ROAD,1303.8,2228.9,LOW,CLEAR,4,0,1,0,0.0537,25.04
Hyderabad,Jaipur,RAIL,1095.1,4465.2,MEDIUM,CLEAR,23,4,12,0,0.2832,21.84
Delhi,Surat,AIR,937.9,326.0,MEDIUM,CLEAR,14,5,9,1,0.1835,5.0
Bengaluru,Nagpur,RAIL,922.7,702.3,HIGH,SNOW,11,3,11,0,0.0856,22.46
Jaipur,Lucknow,AIR,511.7,246.9,LOW,CLEAR,1,2,3,1,0.1759,4.42
Lucknow,Surat,RAIL,1037.7,470.5,MEDIUM,RAIN,14,5,2,0,0.0729,18.39
Chennai,Coimbatore,AIR,427.4,4927.2,MEDIUM,RAIN,13,3,11,1,0.1483,8.03
Jaipur,Pune,AIR,953.9,6535.4,LOW,RAIN,8,2,10,1,0.1004,11.86
Indore,Lucknow,RAIL,688.7,276.5,MEDIUM,RAIN,12,5,11,2,0.1868,17.32
Kolkata,Bhopal,AIR,1124.0,632.7,MEDIUM,CLEAR,0,1,6,2,0.2276,9.15
Pune,Lucknow,AIR,1176.7,1000.8,LOW,RAIN,23,5,11,0,0.1046,4.01
Ahmedabad,Guwahati,ROAD,1966.8,2214.4,LOW,SNOW,9,1,3,0,0.0432,50.97
Surat,Guwahati,RAIL,2001.1,132.7,LOW,SNOW,12,3,10,2,0.1067,32.92
Ahmedabad,Surat,RAIL,207.7,160.2,HIGH,CLEAR,17,1,6,2,0.2274,10.94
Patna,Lucknow,AIR,440.7,1973.5,LOW,RAIN,16,4,2,1,0.2361,5.62
Pune,Bhopal,ROAD,643.5,105.8,LOW,CLEAR,19,3,9,0,0.2357,13.08
Jaipur,Chennai,AIR,1607.1,641.5,LOW,CLEAR,20,1,5,1,0.2924,7.74
Ahmedabad,Jaipur,RAIL,540.5,1332.1,LOW,CLEAR,7,5,2,3,0.2474,17.86
Chennai,Kolkata,AIR,1358.4,1805.9,LOW,CLEAR,10,6,9,0,0.2906,5.2
Nagpur,Bengaluru,ROAD,922.7,925.1,MEDIUM,RAIN,16,0,10,0,0.188,25.37
Kolkata,Delhi,RAIL,1303.8,707.0,LOW,SNOW,3,3,4,2,0.0688,24.91
Hyderabad,Bhopal,RAIL,662.8,3021.4,LOW,CLEAR,16,5,12,1,0.1825,14.67
Kochi,Mumbai,AIR,1080.2,1544.2,LOW,RAIN,0,5,9,0,0.0594,4.0
Coimbatore,Indore,AIR,1306.5,504.5,MEDIUM,RAIN,20,1,1,0,0.0256,3.52
Nagpur,Jaipur,RAIL,723.5,1147.4,LOW,STORM,16,0,5,1,0.0904,15.44
Coimbatore,Ahmedabad,RAIL,1413.7,1736.8,MEDIUM,RAIN,14,3,12,1,0.1088,24.16
Bhubaneswar,Kochi,ROAD,1541.8,8620.4,MEDIUM,CLEAR,11,4,3,1,0.2127,50.73
Lucknow,Surat,AIR,1037.7,2817.5,MEDIUM,CLEAR,23,2,12,0,0.1089,4.88
Kochi,Patna,ROAD,1976.9,4710.1,LOW,RAIN,16,2,7,0,0.0009,40.79
Pune,Patna,RAIL,1402.5,527.0,HIGH,CLEAR,17,3,9,1,0.2751,36.0
Lucknow,Mumbai,RAIL,1194.7,584.6,MEDIUM,STORM,18,3,9,0,0.1768,27.5
Surat,Kolkata,ROAD,1609.7,826.8,LOW,STORM,1,3,7,0,0.0632,39.16
Guwahati,Bhopal,ROAD,1481.2,923.1,MEDIUM,STORM,3,4,7,1,0.0757,53.4
Visakhapatnam,Guwahati,ROAD,1286.2,327.1,MEDIUM,CLEAR,7,6,7,0,0.0372,35.4
Lucknow,Chennai,AIR,1532.1,5009.6,LOW,RAIN,15,5,8,1,0.272,10.73
Nagpur,Bengaluru,RAIL,922.7,3165.4,LOW,RAIN,15,0,9,0,0.0691,13.36
Kolkata,Coimbatore,ROAD,1766.1,759.9,MEDIUM,CLEAR,9,2,6,1,0.2822,54.24
Visakhapatnam,Guwahati,RAIL,1286.2,2368.6,LOW,CLEAR,22,0,6,1,0.0793,20.94
Bhopal,Chennai,ROAD,1171.1,1432.9,HIGH,CLEAR,6,6,10,1,0.2398,42.23
Surat,Jaipur,AIR,705.5,2601.4,LOW,CLEAR,17,4,10,2,0.0031,9.67
Kochi,Indore,ROAD,1422.7,218.5,LOW,STORM,12,1,8,0,0.145,38.85
Indore,Chennai,ROAD,1168.6,920.8,LOW,SNOW,11,5,6,2,0.1108,31.54
Delhi,Pune,ROAD,1173.0,1022.9,LOW,CLEAR,1,3,7,0,0.1004,21.41
Hyderabad,Ahmedabad,RAIL,879.5,2317.8,HIGH,RAIN,16,0,7,3,0.2976,28.24
Chennai,Indore,ROAD,1168.6,515.9,HIGH,CLEAR,17,1,6,0,0.2163,40.37
Patna,Pune,RAIL,1402.5,54.6,HIGH,CLEAR,9,5,3,1,0.0767,33.8
Mumbai,Jaipur,ROAD,920.7,299.5,MEDIUM,CLEAR,13,2,7,0,0.2257,22.81
Kolkata,Hyderabad,ROAD,1181.9,1019.2,MEDIUM,RAIN,14,3,6,0,0.0389,30.21
Bhopal,Kochi,ROAD,1487.1,1184.0,LOW,RAIN,10,6,1,0,0.2778,32.3
Nagpur,Chennai,ROAD,905.3,8270.9,LOW,SNOW,15,2,12,0,0.1279,29.63
Surat,Kolkata,AIR,1609.7,2206.8,HIGH,SNOW,11,0,9,0,0.0572,5.41
Bhubaneswar,Kolkata,ROAD,364.9,1209.3,MEDIUM,CLEAR,19,0,2,0,0.0818,10.53
Coimbatore,Surat,AIR,1211.7,1054.8,MEDIUM,RAIN,16,6,3,1,0.0465,6.69
Bengaluru,Chennai,ROAD,290.2,4125.8,MEDIUM,CLEAR,6,4,7,0,0.2792,11.5
Guwahati,Kochi,ROAD,2429.0,540.2,MEDIUM,CLEAR,17,2,11,0,0.0918,64.95
Indore,Lucknow,ROAD,688.7,926.7,LOW,RAIN,10,0,6,2,0.0429,21.09
Indore,Visakhapatnam,ROAD,950.0,296.8,MEDIUM,CLEAR,20,4,10,1,0.2439,25.92
Delhi,Ahmedabad,RAIL,775.7,6019.1,MEDIUM,CLEAR,14,0,2,0,0.064,14.91
Indore,Guwahati,RAIL,1650.8,1756.4,HIGH,CLEAR,1,0,7,0,0.0282,32.48
Patna,Visakhapatnam,ROAD,901.3,469.2,LOW,CLEAR,16,4,10,0,0.2005,18.33
Bhopal,Kolkata,RAIL,1124.0,955.9,LOW,STORM,7,4,11,1,0.0022,22.27
Delhi,Patna,RAIL,853.4,2021.5,MEDIUM,CLEAR,19,3,3,2,0.2497,21.14
Surat,Hyderabad,AIR,727.5,811.7,HIGH,RAIN,21,6,9,1,0.1688,5.73
Coimbatore,Pune,AIR,898.3,577.5,HIGH,STORM,16,1,1,3,0.074,12.48
Patna,Hyderabad,RAIL,1142.6,500.1,MEDIUM,RAIN,13,3,2,1,0.1421,20.94
Bengaluru,Nagpur,AIR,922.7,1647.1,LOW,CLEAR,14,2,11,3,0.0787,12.41
Guwahati,Hyderabad,RAIL,1677.6,713.6,LOW,STORM,11,2,9,1,0.1599,28.19
Guwahati,Indore,ROAD,1650.8,636.2,MEDIUM,CLEAR,5,1,3,1,0.1715,42.85
Chennai,Bhopal,RAIL,1171.1,220.7,LOW,CLEAR,20,5,12,1,0.2315,18.44
Visakhapatnam,Kochi,ROAD,1142.8,1203.7,MEDIUM,RAIN,9,4,12,1,0.1398,34.71
Jaipur,Guwahati,RAIL,1588.0,882.3,HIGH,CLEAR,9,4,1,0,0.236,37.44
Bhopal,Mumbai,AIR,661.4,745.5,LOW,SNOW,7,0,1,0,0.0208,2.07
Jaipur,Guwahati,ROAD,1588.0,1392.0,LOW,CLEAR,23,0,3,0,0.2764,33.82
Kochi,Bengaluru,AIR,367.7,2690.8,LOW,RAIN,21,5,10,0,0.0557,3.72
Guwahati,Surat,AIR,2001.1,2545.0,LOW,RAIN,10,4,8,2,0.251,13.57
Kochi,Pune,ROAD,989.7,2128.7,MEDIUM,STORM,8,0,7,1,0.1484,43.52
Coimbatore,Indore,RAIL,1306.5,821.6,LOW,CLEAR,17,4,5,0,0.0314,18.64
Coimbatore,Patna,AIR,1835.2,555.4,LOW,CLEAR,11,6,6,0,0.1079,4.39
Delhi,Bhubaneswar,AIR,1270.2,313.3,LOW,STORM,21,5,8,0,0.2755,4.38
Hyderabad,Jaipur,ROAD,1095.1,538.2,LOW,RAIN,19,1,1,2,0.2504,34.27
Patna,Coimbatore,ROAD,1835.2,1122.8,MEDIUM,CLEAR,17,2,8,2,0.2167,54.79
Bhopal,Pune,RAIL,643.5,426.9,MEDIUM,CLEAR,6,5,3,0,0.114,11.47
Delhi,Kolkata,ROAD,1303.8,1230.6,MEDIUM,SNOW,16,2,10,0,0.1766,41.07
Delhi,Ahmedabad,ROAD,775.7,344.3,MEDIUM,RAIN,23,5,3,3,0.0696,29.57
Surat,Nagpur,ROAD,648.8,149.4,LOW,RAIN,10,6,1,1,0.1944,16.32
Indore,Visakhapatnam,ROAD,950.0,2931.6,MEDIUM,SNOW,19,2,6,2,0.0783,39.6
Chennai,Kolkata,RAIL,1358.4,620.6,LOW,CLEAR,11,4,6,0,0.2487,17.38
Chennai,Pune,RAIL,914.4,401.6,HIGH,CLEAR,22,3,7,0,0.2113,18.0
Bengaluru,Coimbatore,RAIL,228.2,295.1,LOW,RAIN,15,3,11,1,0.1158,6.27
Bhopal,Jaipur,RAIL,437.9,1821.9,MEDIUM,SNOW,6,0,9,0,0.1978,9.09
Mumbai,Kolkata,ROAD,1654.8,5709.5,LOW,CLEAR,12,6,5,2,0.0975,41.3
Bhopal,Guwahati,ROAD,1481.2,676.1,MEDIUM,RAIN,3,3,9,1,0.0467,38.91
Lucknow,Jaipur,ROAD,511.7,846.7,LOW,CLEAR,11,1,7,0,0.0706,9.02
Lucknow,Guwahati,ROAD,1076.3,3967.8,HIGH,CLEAR,20,4,3,0,0.0815,36.35
Nagpur,Coimbatore,ROAD,1149.0,124.9,LOW,STORM,8,2,1,1,0.068,36.39
Surat,Coimbatore,ROAD,1211.7,11617.2,HIGH,CLEAR,21,5,1,2,0.2035,59.34
Patna,Bhopal,ROAD,823.9,20597.4,MEDIUM,CLEAR,6,5,3,0,0.2219,40.36
Kochi,Guwahati,ROAD,2429.0,42.6,LOW,SNOW,15,2,10,1,0.1371,55.27
Coimbatore,Hyderabad,RAIL,727.1,975.5,LOW,CLEAR,21,4,6,0,0.2963,9.79
Kochi,Mumbai,RAIL,1080.2,462.8,LOW,CLEAR,15,0,6,2,0.2673,20.11
Surat,Pune,AIR,313.6,798.1,HIGH,SNOW,19,6,5,1,0.0261,4.47
Lucknow,Indore,RAIL,688.7,663.8,HIGH,CLEAR,23,3,4,0,0.1381,14.73
Kolkata,Surat,RAIL,1609.7,2904.8,LOW,RAIN,15,4,9,1,0.2725,27.21
Bhopal,Delhi,ROAD,595.7,958.1,LOW,CLEAR,17,4,1,1,0.0661,17.35
Bengaluru,Bhopal,RAIL,1144.2,367.6,LOW,CLEAR,2,2,8,1,0.1135,17.19
Coimbatore,Chennai,ROAD,427.4,891.9,LOW,RAIN,11,4,12,0,0.2841,9.26
Visakhapatnam,Surat,ROAD,1155.7,2034.0,MEDIUM,CLEAR,9,2,11,1,0.2328,34.14
Bengaluru,Bhopal,ROAD,1144.2,264.9,LOW,SNOW,18,4,5,2,0.2497,37.02
Kochi,Indore,ROAD,1422.7,152.1,LOW,STORM,16,0,11,0,0.2638,36.87
Bengaluru,Jaipur,ROAD,1561.5,11983.6,HIGH,SNOW,15,1,3,0,0.0514,69.98
Patna,Jaipur,RAIL,943.7,507.3,MEDIUM,CLEAR,20,6,3,2,0.2098,22.9
Delhi,Nagpur,AIR,851.7,930.0,MEDIUM,CLEAR,6,5,5,1,0.2408,6.11
Lucknow,Patna,RAIL,440.7,680.4,LOW,SNOW,21,0,1,0,0.0679,6.2
Nagpur,Visakhapatnam,RAIL,579.2,2116.9,HIGH,CLEAR,6,1,4,2,0.013,19.98
Patna,Pune,RAIL,1402.5,9203.6,MEDIUM,RAIN,10,3,11,0,0.0535,31.39
Jaipur,Pune,ROAD,953.9,2199.4,MEDIUM,SNOW,15,0,10,2,0.2224,34.71
Coimbatore,Surat,RAIL,1211.7,177.3,LOW,CLEAR,10,2,4,0,0.2083,14.92
Kochi,Bengaluru,RAIL,367.7,208.3,HIGH,CLEAR,16,2,4,0,0.2675,7.88
Kolkata,Jaipur,ROAD,1357.8,679.4,MEDIUM,RAIN,17,0,5,3,0.0951,46.36
Nagpur,Chennai,ROAD,905.3,794.8,HIGH,RAIN,18,2,2,1,0.1865,38.22
Patna,Surat,AIR,1348.1,138.9,MEDIUM,CLEAR,7,2,2,0,0.008,3.05
Pune,Bhubaneswar,RAIL,1270.3,2931.3,MEDIUM,RAIN,7,0,12,2,0.2805,34.66
Patna,Guwahati,ROAD,663.0,297.8,MEDIUM,SNOW,3,4,9,2,0.1663,25.28
Bhubaneswar,Jaipur,RAIL,1258.9,6581.1,HIGH,CLEAR,12,1,9,2,0.2245,38.37
Visakhapatnam,Delhi,ROAD,1360.9,9747.4,LOW,CLEAR,7,0,4,0,0.0851,35.81
Kochi,Kolkata,ROAD,1906.4,814.1,LOW,RAIN,9,0,11,0,0.0246,40.34
Indore,Bengaluru,ROAD,1099.4,1857.1,MEDIUM,SNOW,18,6,3,1,0.0188,37.83
Hyderabad,Kochi,ROAD,862.8,250.1,MEDIUM,STORM,21,0,12,2,0.2444,36.5
Kochi,Guwahati,RAIL,2429.0,2317.9,MEDIUM,CLEAR,18,6,7,0,0.0456,46.84
Ahmedabad,Bhopal,ROAD,495.7,603.2,MEDIUM,SNOW,0,1,4,0,0.2472,15.0
Surat,Chennai,RAIL,1196.8,297.5,MEDIUM,SNOW,14,0,10,0,0.0796,19.8
Pune,Mumbai,ROAD,120.2,774.9,MEDIUM,RAIN,7,3,6,0,0.1624,4.25
Pune,Guwahati,RAIL,2022.1,627.1,LOW,CLEAR,10,6,4,1,0.0786,29.99
Chennai,Pune,RAIL,914.4,742.3,HIGH,CLEAR,11,0,9,0,0.015,18.9
Guwahati,Bengaluru,RAIL,2080.0,3427.6,LOW,RAIN,21,2,9,1,0.1627,32.53
Bengaluru,Chennai,RAIL,290.2,427.4,MEDIUM,CLEAR,15,5,8,1,0.1101,8.83
Delhi,Hyderabad,AIR,1255.4,8795.8,HIGH,CLEAR,8,0,6,0,0.1305,13.02
Coimbatore,Nagpur,RAIL,1149.0,223.6,LOW,STORM,15,1,4,2,0.1805,23.4
Bhopal,Bhubaneswar,RAIL,928.8,7619.9,LOW,CLEAR,21,2,5,0,0.0941,18.2
Jaipur,Hyderabad,RAIL,1095.1,323.8,LOW,STORM,4,5,11,0,0.1691,18.58
Patna,Nagpur,ROAD,790.9,1095.3,MEDIUM,RAIN,18,5,5,0,0.1973,24.01
Ahmedabad,Delhi,ROAD,775.7,609.0,MEDIUM,SNOW,8,4,12,1,0.0269,29.13
Bengaluru,Mumbai,ROAD,845.3,726.0,LOW,CLEAR,7,4,2,0,0.105,17.76
Patna,Delhi,ROAD,853.4,2868.7,HIGH,RAIN,19,0,2,3,0.027,43.44
Chennai,Coimbatore,ROAD,427.4,6632.9,LOW,RAIN,0,1,4,0,0.0021,14.06
Bhopal,Visakhapatnam,ROAD,865.7,4576.2,MEDIUM,STORM,17,6,1,0,0.0154,37.14
Coimbatore,Mumbai,RAIL,997.2,674.6,MEDIUM,CLEAR,6,5,11,2,0.1777,20.52
Coimbatore,Mumbai,ROAD,997.2,1368.0,LOW,CLEAR,15,1,5,2,0.0253,25.99
Ahmedabad,Visakhapatnam,AIR,1257.9,429.0,LOW,STORM,15,4,2,1,0.2606,7.62
Kochi,Bengaluru,ROAD,367.7,333.7,HIGH,CLEAR,18,5,8,0,0.2278,14.07
Indore,Chennai,RAIL,1168.6,277.1,MEDIUM,RAIN,18,5,12,0,0.0026,22.07
Lucknow,Surat,ROAD,1037.7,648.7,LOW,CLEAR,16,6,12,0,0.172,17.96
Bengaluru,Indore,ROAD,1099.4,1479.6,MEDIUM,CLEAR,10,3,2,1,0.0031,27.26
Ahmedabad,Kolkata,ROAD,1618.9,110.6,MEDIUM,RAIN,7,0,10,1,0.0328,47.31
Nagpur,Jaipur,RAIL,723.5,1037.3,LOW,RAIN,15,5,5,0,0.2965,10.49
Guwahati,Nagpur,ROAD,1402.1,6763.1,MEDIUM,RAIN,13,0,11,1,0.1371,40.99
Mumbai,Jaipur,AIR,920.7,4214.5,MEDIUM,CLEAR,5,4,8,1,0.0082,8.62
Patna,Ahmedabad,ROAD,1304.5,543.4,LOW,RAIN,21,5,9,0,0.2551,28.5
Visakhapatnam,Delhi,RAIL,1360.9,205.2,HIGH,STORM,9,0,11,0,0.2752,40.82
Guwahati,Lucknow,ROAD,1076.3,1904.2,LOW,CLEAR,0,5,11,2,0.1645,29.5
Jaipur,Visakhapatnam,RAIL,1278.6,68.0,LOW,CLEAR,19,5,2,0,0.2118,20.66
Bengaluru,Indore,ROAD,1099.4,4155.5,LOW,CLEAR,14,4,9,0,0.234,25.47
Hyderabad,Bhubaneswar,ROAD,837.2,848.7,MEDIUM,SNOW,16,2,2,0,0.2204,24.84
Bhubaneswar,Bengaluru,ROAD,1196.1,9873.0,MEDIUM,CLEAR,7,1,12,1,0.1484,48.13
Bhubaneswar,Mumbai,ROAD,1361.9,138.1,HIGH,RAIN,11,4,8,1,0.2498,44.59
Indore,Surat,ROAD,356.5,3300.3,LOW,CLEAR,15,1,3,1,0.1582,11.39
Bengaluru,Chennai,AIR,290.2,972.0,MEDIUM,RAIN,8,4,4,0,0.0779,1.59
Bengaluru,Bhopal,ROAD,1144.2,737.1,MEDIUM,SNOW,16,1,11,1,0.0012,36.15
Lucknow,Coimbatore,ROAD,1809.1,211.9,LOW,RAIN,8,2,8,0,0.1076,40.31
Bhopal,Pune,AIR,643.5,2241.5,LOW,CLEAR,8,3,3,2,0.0248,9.01
Mumbai,Surat,ROAD,232.9,2468.5,HIGH,CLEAR,0,1,10,3,0.019,17.45
Nagpur,Chennai,ROAD,905.3,9340.9,LOW,RAIN,9,5,9,1,0.1408,31.37
Surat,Bhubaneswar,RAIL,1354.3,3676.3,MEDIUM,CLEAR,8,4,1,0,0.2831,26.55
Mumbai,Kolkata,AIR,1654.8,537.7,MEDIUM,SNOW,17,0,4,1,0.0317,7.61
Delhi,Visakhapatnam,RAIL,1360.9,328.8,LOW,CLEAR,14,5,11,0,0.0821,16.71
Lucknow,Nagpur,ROAD,661.4,212.3,HIGH,CLEAR,7,5,5,0,0.249,26.36
Patna,Bengaluru,AIR,1610.3,6424.5,HIGH,CLEAR,14,5,1,2,0.1205,15.13
Visakhapatnam,Patna,ROAD,901.3,431.0,MEDIUM,RAIN,8,4,8,0,0.2276,27.5
Jaipur,Chennai,AIR,1607.1,6478.7,MEDIUM,STORM,11,4,11,0,0.1627,11.37
Hyderabad,Bhopal,AIR,662.8,2059.2,MEDIUM,CLEAR,19,2,7,1,0.1812,6.79
Guwahati,Bhubaneswar,AIR,887.3,1629.3,MEDIUM,CLEAR,16,1,12,1,0.0483,6.53
Lucknow,Bhopal,ROAD,534.5,758.8,LOW,CLEAR,15,1,2,1,0.1057,13.79
Pune,Coimbatore,ROAD,898.3,2423.1,MEDIUM,STORM,9,2,9,0,0.1865,38.43
Jaipur,Lucknow,RAIL,511.7,1076.5,LOW,SNOW,6,2,8,1,0.008,10.06
Mumbai,Kochi,RAIL,1080.2,704.1,MEDIUM,CLEAR,17,5,12,0,0.0565,20.61
Pune,Ahmedabad,RAIL,518.1,2528.1,MEDIUM,RAIN,14,3,7,2,0.1159,16.63
Surat,Patna,AIR,1348.1,922.6,LOW,SNOW,15,2,10,0,0.2024,3.87
Coimbatore,Kolkata,RAIL,1766.1,420.7,HIGH,SNOW,22,5,2,0,0.1529,43.67
Patna,Mumbai,ROAD,1453.2,2252.5,LOW,CLEAR,10,5,1,1,0.2156,34.83
Kochi,Bengaluru,ROAD,367.7,1015.6,LOW,RAIN,17,6,9,0,0.2181,9.59
Surat,Ahmedabad,ROAD,207.7,1971.8,LOW,RAIN,14,2,1,1,0.0093,8.64
Bengaluru,Lucknow,ROAD,1581.9,636.1,MEDIUM,CLEAR,8,1,11,0,0.2705,40.59
Ahmedabad,Patna,ROAD,1304.5,257.0,LOW,CLEAR,3,0,1,0,0.2473,22.46
Guwahati,Ahmedabad,AIR,1966.8,8796.3,MEDIUM,CLEAR,15,1,9,0,0.0813,12.73
Mumbai,Pune,RAIL,120.2,7015.9,MEDIUM,CLEAR,9,4,6,0,0.1454,9.47
Bhubaneswar,Jaipur,RAIL,1258.9,3167.0,LOW,CLEAR,16,5,8,0,0.0924,17.97
Nagpur,Surat,ROAD,648.8,688.6,HIGH,SNOW,16,4,8,0,0.272,26.93
Hyderabad,Indore,RAIL,653.6,764.8,LOW,SNOW,12,6,6,0,0.1148,9.85
Kochi,Kolkata,AIR,1906.4,5760.6,MEDIUM,CLEAR,13,4,6,2,0.1188,15.64
Visakhapatnam,Indore,AIR,950.0,717.2,LOW,CLEAR,15,6,7,1,0.2736,5.79
Mumbai,Indore,RAIL,509.8,513.3,MEDIUM,RAIN,12,1,9,0,0.1802,9.19
Bengaluru,Kochi,AIR,367.7,10370.1,HIGH,CLEAR,19,2,9,0,0.0414,10.59
Nagpur,Surat,RAIL,648.8,1035.7,LOW,CLEAR,5,5,6,0,0.1878,9.22
Guwahati,Visakhapatnam,ROAD,1286.2,9155.5,LOW,SNOW,22,4,5,0,0.2383,37.45
Mumbai,Kolkata,AIR,1654.8,204.8,LOW,CLEAR,2,3,1,0,0.1014,3.58
Nagpur,Patna,ROAD,790.9,2042.3,LOW,CLEAR,8,6,10,0,0.1581,19.03
Bengaluru,Mumbai,ROAD,845.3,13164.8,HIGH,RAIN,16,5,3,3,0.1881,50.86
Nagpur,Bengaluru,ROAD,922.7,1136.5,MEDIUM,RAIN,5,2,6,1,0.1531,28.74
Indore,Bhubaneswar,RAIL,1065.4,798.9,MEDIUM,CLEAR,8,4,12,0,0.2997,20.26
Delhi,Lucknow,RAIL,417.0,270.1,HIGH,RAIN,7,2,10,0,0.152,10.41
Nagpur,Indore,RAIL,376.4,4019.1,HIGH,STORM,16,2,5,0,0.193,13.78
Bhubaneswar,Indore,ROAD,1065.4,435.2,HIGH,CLEAR,14,5,6,0,0.2381,36.65
Bhubaneswar,Nagpur,ROAD,706.9,978.7,LOW,RAIN,4,4,4,1,0.041,16.92
Mumbai,Kolkata,AIR,1654.8,249.3,LOW,CLEAR,12,0,8,0,0.0132,3.53
Kolkata,Chennai,ROAD,1358.4,7103.0,LOW,CLEAR,8,4,2,0,0.2919,37.8
Kolkata,Mumbai,AIR,1654.8,4384.6,LOW,CLEAR,21,4,12,0,0.2197,7.93
Lucknow,Bhubaneswar,ROAD,881.6,1055.8,LOW,CLEAR,6,3,12,1,0.118,20.1
Bengaluru,Kolkata,RAIL,1560.7,274.5,LOW,CLEAR,14,2,4,0,0.0053,19.73
Bhubaneswar,Bhopal,RAIL,928.8,6926.4,LOW,SNOW,12,4,3,3,0.0499,26.68
Kochi,Lucknow,AIR,1944.0,706.9,MEDIUM,CLEAR,14,6,7,0,0.0029,4.95
Visakhapatnam,Chennai,ROAD,601.6,291.1,LOW,SNOW,21,0,8,0,0.1189,13.09
Chennai,Jaipur,AIR,1607.1,132.4,LOW,CLEAR,10,4,8,0,0.1665,3.86
Mumbai,Delhi,RAIL,1148.1,505.1,LOW,SNOW,17,6,1,1,0.0482,22.27
Coimbatore,Chennai,RAIL,427.4,191.4,MEDIUM,RAIN,11,2,9,0,0.192,7.34
Hyderabad,Bengaluru,RAIL,500.0,519.4,MEDIUM,CLEAR,15,2,1,0,0.2863,8.47
Nagpur,Visakhapatnam,ROAD,579.2,2679.2,MEDIUM,RAIN,10,1,5,0,0.2971,17.69
Coimbatore,Bhopal,ROAD,1362.2,698.9,LOW,SNOW,8,1,9,0,0.2499,34.87
Mumbai,Coimbatore,ROAD,997.2,1680.5,LOW,CLEAR,5,2,11,0,0.1332,19.41
Mumbai,Jaipur,ROAD,920.7,460.4,LOW,CLEAR,6,5,8,1,0.1642,20.64
Mumbai,Kolkata,RAIL,1654.8,1185.8,LOW,RAIN,21,1,2,1,0.151,25.12
Chennai,Indore,ROAD,1168.6,10993.7,LOW,RAIN,17,1,9,1,0.0467,36.33
Delhi,Coimbatore,ROAD,1956.9,721.8,HIGH,CLEAR,8,6,1,2,0.2563,77.94
Visakhapatnam,Surat,ROAD,1155.7,1739.4,LOW,SNOW,13,6,3,0,0.2027,30.8
Indore,Mumbai,ROAD,509.8,167.6,LOW,CLEAR,16,1,2,2,0.1914,16.21
Guwahati,Pune,ROAD,2022.1,6796.3,MEDIUM,CLEAR,10,2,12,0,0.0661,51.78
Visakhapatnam,Coimbatore,RAIL,1002.3,618.5,MEDIUM,RAIN,11,2,5,0,0.0459,18.14
Guwahati,Surat,ROAD,2001.1,3868.6,LOW,STORM,16,2,7,1,0.2619,59.49
Kolkata,Guwahati,AIR,523.8,945.9,LOW,CLEAR,8,1,10,0,0.0538,2.01
Hyderabad,Surat,ROAD,727.5,2284.5,HIGH,CLEAR,13,0,12,0,0.0221,21.36
Visakhapatnam,Mumbai,ROAD,1101.9,2453.4,LOW,CLEAR,8,4,12,1,0.1877,27.73
Kolkata,Bhubaneswar,AIR,364.9,637.2,MEDIUM,RAIN,0,0,2,0,0.2113,1.69
Delhi,Kochi,ROAD,2079.7,4065.5,MEDIUM,CLEAR,16,4,5,0,0.0359,48.84
Nagpur,Patna,ROAD,790.9,441.1,LOW,CLEAR,16,0,5,1,0.0621,15.73
Visakhapatnam,Guwahati,AIR,1286.2,2789.2,MEDIUM,CLEAR,23,1,10,0,0.2366,5.91
Guwahati,Chennai,AIR,1882.2,686.6,LOW,SNOW,7,0,5,0,0.2789,5.26
Coimbatore,Kolkata,RAIL,1766.1,1668.1,LOW,CLEAR,17,2,3,0,0.1429,26.7
Bengaluru,Guwahati,ROAD,2080.0,629.9,LOW,RAIN,21,2,10,2,0.2376,48.16
Kochi,Chennai,RAIL,559.5,1164.4,HIGH,CLEAR,15,2,6,3,0.0958,19.97
Visakhapatnam,Bhopal,AIR,865.7,302.0,LOW,CLEAR,21,2,9,1,0.211,5.17
Nagpur,Kochi,AIR,1283.0,1476.0,LOW,CLEAR,23,6,5,0,0.1672,4.37
Visakhapatnam,Delhi,ROAD,1360.9,1156.4,HIGH,CLEAR,17,3,6,0,0.253,48.19
Visakhapatnam,Delhi,ROAD,1360.9,573.5,LOW,CLEAR,23,5,1,0,0.2328,27.55
Jaipur,Visakhapatnam,ROAD,1278.6,1026.6,HIGH,CLEAR,15,1,1,1,0.0852,40.06
Mumbai,Delhi,ROAD,1148.1,1287.9,MEDIUM,CLEAR,13,3,1,1,0.0448,30.22
Lucknow,Indore,RAIL,688.7,523.4,MEDIUM,CLEAR,20,0,3,1,0.2423,14.4
Kolkata,Coimbatore,ROAD,1766.1,939.6,MEDIUM,CLEAR,18,1,5,0,0.0098,43.5
Bengaluru,Indore,ROAD,1099.4,328.1,MEDIUM,CLEAR,6,0,1,2,0.2037,32.24
Bengaluru,Lucknow,ROAD,1581.9,18304.1,LOW,CLEAR,9,0,2,0,0.1428,49.53
Nagpur,Jaipur,ROAD,723.5,3908.6,HIGH,CLEAR,8,1,11,0,0.0226,28.47
Surat,Indore,ROAD,356.5,1521.9,HIGH,RAIN,18,1,11,0,0.2066,15.56
Surat,Bhopal,ROAD,525.7,4476.2,HIGH,STORM,8,2,4,1,0.1449,34.65
Patna,Surat,ROAD,1348.1,102.0,MEDIUM,RAIN,9,5,12,2,0.258,43.89
Surat,Chennai,AIR,1196.8,50.9,MEDIUM,CLEAR,13,1,2,0,0.0626,2.4
Indore,Nagpur,ROAD,376.4,679.2,MEDIUM,STORM,5,4,1,2,0.0007,18.31
Delhi,Patna,RAIL,853.4,209.7,LOW,STORM,21,2,5,0,0.0391,12.22
Bhubaneswar,Patna,ROAD,593.3,825.6,MEDIUM,CLEAR,12,2,4,0,0.0809,13.7
Jaipur,Delhi,ROAD,235.3,1403.6,MEDIUM,CLEAR,7,6,1,0,0.1957,8.31
Chennai,Patna,ROAD,1481.5,3309.3,MEDIUM,RAIN,8,3,11,0,0.1088,46.84
Visakhapatnam,Patna,ROAD,901.3,279.8,LOW,STORM,17,1,12,2,0.0355,31.77
Patna,Chennai,ROAD,1481.5,1771.5,MEDIUM,SNOW,15,1,4,0,0.2945,46.88
Delhi,Visakhapatnam,ROAD,1360.9,1115.7,MEDIUM,RAIN,12,1,4,0,0.0325,34.48
Chennai,Surat,RAIL,1196.8,1664.1,MEDIUM,RAIN,9,5,9,0,0.1065,24.25
Mumbai,Lucknow,ROAD,1194.7,587.7,HIGH,STORM,19,4,12,1,0.263,68.31
Hyderabad,Patna,ROAD,1142.6,5766.2,MEDIUM,CLEAR,17,1,4,2,0.1958,40.71
Delhi,Surat,RAIL,937.9,968.5,LOW,CLEAR,16,3,9,2,0.0959,17.94
Patna,Surat,ROAD,1348.1,9219.0,LOW,SNOW,11,3,1,0,0.2911,38.44
Surat,Pune,ROAD,313.6,424.8,MEDIUM,CLEAR,22,0,7,0,0.1503,7.23
Guwahati,Coimbatore,ROAD,2288.2,2674.2,MEDIUM,CLEAR,16,6,12,0,0.0024,51.05
Patna,Guwahati,ROAD,663.0,1020.9,HIGH,CLEAR,11,5,6,2,0.0018,25.44
Indore,Bengaluru,ROAD,1099.4,740.0,LOW,CLEAR,21,3,8,0,0.2823,21.74
Surat,Patna,AIR,1348.1,2342.0,LOW,CLEAR,19,5,9,3,0.0844,13.94
Delhi,Mumbai,AIR,1148.1,765.9,LOW,RAIN,17,0,8,2,0.2436,9.56
Delhi,Ahmedabad,AIR,775.7,45.0,MEDIUM,CLEAR,17,6,9,1,0.0131,4.54
Indore,Guwahati,ROAD,1650.8,27.8,HIGH,RAIN,11,4,11,1,0.0441,59.97
Mumbai,Chennai,ROAD,1033.1,5048.8,HIGH,CLEAR,13,6,1,0,0.257,35.84
Mumbai,Ahmedabad,ROAD,440.0,4799.7,MEDIUM,STORM,7,6,11,0,0.2982,21.72
Kolkata,Patna,ROAD,469.2,10559.8,HIGH,RAIN,14,4,11,0,0.0156,24.18
Bhubaneswar,Lucknow,ROAD,881.6,1073.8,LOW,STORM,10,2,11,0,0.0503,23.4
Lucknow,Bhopal,ROAD,534.5,232.5,MEDIUM,CLEAR,10,4,5,1,0.2169,16.19
Patna,Coimbatore,ROAD,1835.2,662.8,HIGH,CLEAR,21,3,7,0,0.1589,56.79
Jaipur,Surat,ROAD,705.5,1111.8,LOW,SNOW,7,2,5,2,0.1218,25.9
Chennai,Patna,ROAD,1481.5,327.5,HIGH,SNOW,18,4,11,2,0.0583,67.02
Ahmedabad,Delhi,RAIL,775.7,7929.1,LOW,CLEAR,9,6,5,0,0.2836,19.17
Delhi,Kolkata,ROAD,1303.8,16113.4,LOW,RAIN,1,1,4,0,0.0517,43.89
Kochi,Coimbatore,AIR,142.3,1946.8,MEDIUM,RAIN,2,3,9,0,0.0796,1.97
Chennai,Bhubaneswar,ROAD,996.3,1082.4,HIGH,CLEAR,11,5,1,0,0.0973,31.63
Ahmedabad,Nagpur,RAIL,703.1,231.8,LOW,RAIN,12,2,5,1,0.0416,11.85
Guwahati,Ahmedabad,ROAD,1966.8,7014.4,HIGH,CLEAR,9,2,3,1,0.1609,83.93
Bhopal,Chennai,ROAD,1171.1,1201.8,LOW,CLEAR,16,0,5,1,0.1024,22.67
Lucknow,Bhubaneswar,ROAD,881.6,775.1,MEDIUM,SNOW,12,2,6,0,0.1824,25.45
Surat,Kochi,ROAD,1302.6,1953.6,MEDIUM,CLEAR,5,4,1,2,0.1104,34.84
Kochi,Kolkata,RAIL,1906.4,543.0,LOW,SNOW,10,6,11,1,0.0349,26.84
Hyderabad,Bhopal,ROAD,662.8,1308.0,MEDIUM,RAIN,6,3,5,3,0.2618,27.27
Indore,Lucknow,ROAD,688.7,194.2,MEDIUM,STORM,4,2,5,2,0.1529,30.68
Bhubaneswar,Coimbatore,AIR,1401.3,4042.0,MEDIUM,CLEAR,8,5,2,1,0.0966,10.58
Bhopal,Bengaluru,ROAD,1144.2,967.5,LOW,CLEAR,16,1,12,0,0.0049,19.55
Jaipur,Hyderabad,RAIL,1095.1,4405.3,LOW,CLEAR,16,1,11,2,0.1794,24.45
Bengaluru,Delhi,RAIL,1739.8,861.5,HIGH,RAIN,18,3,6,0,0.2348,42.39
Kolkata,Nagpur,ROAD,970.1,931.3,MEDIUM,CLEAR,17,5,5,0,0.195,28.66
Coimbatore,Indore,ROAD,1306.5,256.0,HIGH,RAIN,13,1,6,0,0.2363,46.06
Surat,Guwahati,ROAD,2001.1,2729.0,MEDIUM,CLEAR,9,0,12,0,0.0465,52.85
Pune,Surat,RAIL,313.6,383.4,HIGH,CLEAR,0,5,3,0,0.2915,7.49
Jaipur,Chennai,ROAD,1607.1,611.7,LOW,SNOW,15,4,9,0,0.0634,32.82
Bhopal,Lucknow,ROAD,534.5,1098.0,MEDIUM,SNOW,9,4,11,2,0.08,24.89
Surat,Delhi,ROAD,937.9,1268.3,MEDIUM,CLEAR,8,2,10,1,0.1537,30.33
Nagpur,Bhubaneswar,AIR,706.9,141.6,LOW,RAIN,22,0,11,2,0.0016,8.13
Hyderabad,Pune,RAIL,505.8,831.3,LOW,CLEAR,7,2,12,2,0.1327,12.86
Indore,Pune,AIR,511.2,2847.7,MEDIUM,SNOW,2,3,1,0,0.0587,3.91
Jaipur,Delhi,RAIL,235.3,696.4,HIGH,CLEAR,21,3,3,1,0.2247,8.56
Coimbatore,Jaipur,RAIL,1771.7,837.4,MEDIUM,RAIN,9,6,2,1,0.2273,39.37
Chennai,Lucknow,ROAD,1532.1,1332.6,LOW,CLEAR,11,1,7,0,0.1847,29.4
Bengaluru,Kochi,AIR,367.7,942.8,HIGH,CLEAR,5,2,5,3,0.1265,11.49
Lucknow,Kochi,RAIL,1944.0,318.4,LOW,SNOW,11,1,1,2,0.0931,30.08
Surat,Bengaluru,ROAD,1042.5,1049.8,LOW,CLEAR,22,3,7,0,0.2482,20.33
Nagpur,Hyderabad,RAIL,422.9,3615.1,HIGH,CLEAR,16,5,2,2,0.1521,16.81
Jaipur,Surat,RAIL,705.5,310.6,MEDIUM,CLEAR,12,6,5,0,0.1489,11.95
Coimbatore,Pune,ROAD,898.3,699.7,HIGH,CLEAR,9,1,5,2,0.034,37.23
Lucknow,Mumbai,ROAD,1194.7,208.9,HIGH,RAIN,10,3,11,1,0.0655,47.98
Bengaluru,Visakhapatnam,ROAD,799.0,3393.6,MEDIUM,CLEAR,15,5,9,0,0.1081,23.43
Bengaluru,Patna,AIR,1610.3,981.6,LOW,RAIN,8,0,8,2,0.2097,11.21
Guwahati,Surat,ROAD,2001.1,395.3,LOW,SNOW,7,4,10,1,0.2536,56.28
Bengaluru,Pune,AIR,735.2,1225.0,HIGH,CLEAR,16,0,3,0,0.2979,2.87
Coimbatore,Visakhapatnam,ROAD,1002.3,258.7,HIGH,SNOW,18,0,4,1,0.1282,45.45
Hyderabad,Mumbai,RAIL,621.5,317.3,LOW,CLEAR,19,0,10,1,0.136,11.89
Delhi,Jaipur,ROAD,235.3,190.2,LOW,CLEAR,18,6,9,0,0.2298,4.85
Pune,Visakhapatnam,AIR,993.7,304.9,LOW,CLEAR,13,4,1,1,0.0964,5.44
Indore,Guwahati,ROAD,1650.8,5590.4,LOW,CLEAR,17,5,3,0,0.1622,41.25
Jaipur,Hyderabad,ROAD,1095.1,455.0,HIGH,CLEAR,20,4,3,0,0.2031,36.26
Kochi,Nagpur,ROAD,1283.0,1918.8,LOW,CLEAR,1,5,1,1,0.0709,27.94
Indore,Chennai,ROAD,1168.6,402.0,MEDIUM,SNOW,11,3,8,0,0.0839,31.61
Jaipur,Bengaluru,ROAD,1561.5,2728.3,HIGH,RAIN,8,5,1,0,0.1069,63.73
Indore,Ahmedabad,RAIL,338.4,320.1,MEDIUM,STORM,23,0,11,2,0.1733,13.05
Guwahati,Bhubaneswar,AIR,887.3,1149.5,MEDIUM,RAIN,20,4,8,2,0.0811,9.2
Jaipur,Nagpur,RAIL,723.5,1168.4,LOW,RAIN,17,5,10,1,0.0625,13.68
Chennai,Lucknow,RAIL,1532.1,17914.5,LOW,CLEAR,9,6,6,1,0.0449,41.53
Jaipur,Hyderabad,ROAD,1095.1,2336.7,LOW,RAIN,21,2,12,2,0.2428,29.74
Visakhapatnam,Bengaluru,AIR,799.0,538.4,LOW,CLEAR,2,1,4,2,0.2658,8.26
Kolkata,Hyderabad,AIR,1181.9,2495.0,LOW,STORM,7,5,7,0,0.2714,6.35
Coimbatore,Chennai,ROAD,427.4,14268.5,LOW,STORM,15,0,1,0,0.2465,24.96
Bhopal,Chennai,AIR,1171.1,155.2,LOW,CLEAR,17,5,10,0,0.0412,2.52
Indore,Nagpur,ROAD,376.4,399.0,LOW,RAIN,19,4,7,0,0.0293,8.65
Pune,Bengaluru,AIR,735.2,825.3,HIGH,RAIN,9,4,3,0,0.1497,2.59
Coimbatore,Mumbai,AIR,997.2,664.8,LOW,RAIN,10,2,10,1,0.1564,6.91
Mumbai,Surat,RAIL,232.9,735.6,LOW,CLEAR,12,0,12,1,0.2198,6.69
Hyderabad,Lucknow,ROAD,1082.1,229.3,HIGH,RAIN,1,4,1,2,0.0669,38.04
Jaipur,Bengaluru,RAIL,1561.5,5912.0,LOW,SNOW,18,2,11,0,0.2793,29.97
Lucknow,Kolkata,ROAD,887.0,198.9,MEDIUM,CLEAR,10,2,9,0,0.093,19.16
Lucknow,Jaipur,RAIL,511.7,862.4,HIGH,RAIN,7,1,5,0,0.1733,12.49
Bengaluru,Nagpur,ROAD,922.7,3846.8,MEDIUM,CLEAR,11,2,8,0,0.2593,26.53
Kolkata,Jaipur,RAIL,1357.8,1057.6,LOW,STORM,16,5,10,0,0.157,21.57
Delhi,Surat,AIR,937.9,338.6,MEDIUM,CLEAR,19,6,6,3,0.2261,11.24
Bhopal,Surat,ROAD,525.7,217.4,MEDIUM,CLEAR,8,2,8,0,0.2247,15.12
Ahmedabad,Hyderabad,ROAD,879.5,832.1,LOW,CLEAR,7,0,1,1,0.237,21.84
Bhopal,Hyderabad,RAIL,662.8,442.1,LOW,SNOW,21,0,12,0,0.2433,10.14
Bhopal,Jaipur,ROAD,437.9,1402.9,LOW,RAIN,14,1,12,1,0.1177,11.78
Patna,Mumbai,ROAD,1453.2,204.0,HIGH,CLEAR,10,0,3,2,0.1091,47.8
Surat,Nagpur,ROAD,648.8,2909.2,LOW,CLEAR,7,4,6,2,0.241,21.64
Indore,Pune,ROAD,511.2,1259.7,LOW,SNOW,23,4,3,0,0.1739,12.84
Bhopal,Ahmedabad,RAIL,495.7,1377.2,MEDIUM,CLEAR,16,5,5,2,0.1823,14.6
Nagpur,Pune,RAIL,620.1,6181.4,HIGH,CLEAR,8,2,4,0,0.1236,22.15
Indore,Nagpur,ROAD,376.4,648.5,LOW,STORM,6,5,11,2,0.0605,15.35
Pune,Kochi,ROAD,989.7,459.0,LOW,CLEAR,7,1,9,0,0.1371,21.73
Kolkata,Bengaluru,ROAD,1560.7,568.3,MEDIUM,RAIN,8,1,11,1,0.2909,52.33
Kochi,Jaipur,ROAD,1888.9,870.4,MEDIUM,CLEAR,6,6,10,1,0.0873,48.96
Pune,Mumbai,RAIL,120.2,983.2,MEDIUM,RAIN,8,6,9,2,0.0816,9.26
Surat,Lucknow,ROAD,1037.7,404.7,HIGH,SNOW,6,4,2,2,0.0392,47.53
Chennai,Kolkata,RAIL,1358.4,96.8,LOW,CLEAR,10,4,10,0,0.1444,18.29
Jaipur,Pune,AIR,953.9,559.4,LOW,RAIN,12,4,10,2,0.0866,8.74
Surat,Lucknow,RAIL,1037.7,1688.8,LOW,STORM,12,5,2,0,0.2061,18.76
Indore,Pune,RAIL,511.2,1291.4,LOW,SNOW,18,1,2,0,0.0405,8.67
Surat,Ahmedabad,ROAD,207.7,4626.1,MEDIUM,CLEAR,8,0,10,0,0.0742,9.35
Ahmedabad,Kochi,ROAD,1507.8,11459.6,MEDIUM,CLEAR,19,1,5,0,0.0186,50.4
Guwahati,Visakhapatnam,ROAD,1286.2,2727.7,LOW,SNOW,19,2,4,0,0.0124,34.1
Surat,Mumbai,RAIL,232.9,5761.9,MEDIUM,CLEAR,21,1,5,1,0.2442,11.44
Visakhapatnam,Ahmedabad,AIR,1257.9,2752.1,LOW,CLEAR,7,3,11,0,0.2718,5.74
Patna,Visakhapatnam,ROAD,901.3,8534.6,MEDIUM,CLEAR,8,0,5,1,0.2292,36.22
Bhopal,Surat,ROAD,525.7,10107.4,LOW,SNOW,15,4,5,0,0.2595,21.53
Bhubaneswar,Kolkata,ROAD,364.9,3433.7,MEDIUM,CLEAR,7,4,5,1,0.026,15.08
Bengaluru,Bhopal,RAIL,1144.2,2559.7,LOW,CLEAR,5,0,1,0,0.2694,17.35
Coimbatore,Bengaluru,RAIL,228.2,857.2,HIGH,RAIN,5,2,1,0,0.1398,6.01
Bhubaneswar,Mumbai,RAIL,1361.9,1043.6,HIGH,CLEAR,14,3,5,1,0.2306,32.14
Surat,Indore,AIR,356.5,731.1,HIGH,CLEAR,17,0,1,2,0.1847,7.8
Patna,Surat,ROAD,1348.1,2311.2,HIGH,CLEAR,8,4,10,3,0.105,54.07
Surat,Kochi,RAIL,1302.6,462.0,LOW,CLEAR,20,5,6,0,0.0794,15.9
Hyderabad,Pune,RAIL,505.8,871.9,MEDIUM,STORM,17,2,7,2,0.0354,18.44
Kochi,Bhubaneswar,ROAD,1541.8,65.0,LOW,CLEAR,5,0,5,1,0.1238,28.29
Kolkata,Jaipur,AIR,1357.8,8670.7,HIGH,SNOW,11,3,10,2,0.1482,17.91
Pune,Patna,ROAD,1402.5,841.7,LOW,CLEAR,4,6,6,0,0.2949,29.54
Surat,Bengaluru,RAIL,1042.5,1894.5,LOW,CLEAR,20,2,1,0,0.0112,13.52
Visakhapatnam,Delhi,RAIL,1360.9,6306.5,MEDIUM,CLEAR,17,5,6,0,0.177,31.88
Ahmedabad,Kochi,AIR,1507.8,1572.4,LOW,RAIN,16,6,3,2,0.1575,11.31
Lucknow,Visakhapatnam,RAIL,1044.9,6205.6,MEDIUM,CLEAR,16,1,8,0,0.0069,20.67
Mumbai,Coimbatore,ROAD,997.2,247.1,LOW,CLEAR,9,4,7,0,0.0989,18.99
Bengaluru,Pune,AIR,735.2,19474.3,MEDIUM,STORM,20,0,6,1,0.1269,24.51
Delhi,Mumbai,RAIL,1148.1,4042.2,HIGH,CLEAR,20,3,5,3,0.1483,38.0
Delhi,Guwahati,RAIL,1459.4,1409.6,MEDIUM,STORM,17,6,8,1,0.07,40.02
Bhubaneswar,Indore,RAIL,1065.4,6063.8,LOW,CLEAR,12,6,9,1,0.0102,21.18
Visakhapatnam,Kolkata,ROAD,763.8,269.8,LOW,CLEAR,3,1,11,0,0.0882,13.31
Visakhapatnam,Kochi,RAIL,1142.8,775.6,LOW,RAIN,1,4,12,2,0.2509,21.22
Delhi,Coimbatore,AIR,1956.9,6204.9,LOW,CLEAR,7,0,1,0,0.2424,10.36
Delhi,Hyderabad,ROAD,1255.4,116.7,MEDIUM,CLEAR,14,1,8,0,0.0542,28.29
Hyderabad,Kochi,ROAD,862.8,2148.6,LOW,CLEAR,17,5,2,0,0.1939,22.01
Bhopal,Kochi,AIR,1487.1,2076.9,LOW,CLEAR,21,4,6,0,0.2771,6.08
Pune,Surat,RAIL,313.6,11650.1,LOW,SNOW,7,2,9,1,0.0516,18.55
Lucknow,Indore,AIR,688.7,164.1,HIGH,CLEAR,9,6,7,1,0.0386,4.72
Chennai,Hyderabad,ROAD,515.2,7567.0,LOW,STORM,3,5,10,0,0.0066,21.69
Patna,Coimbatore,AIR,1835.2,560.4,LOW,CLEAR,23,0,11,0,0.0517,4.25
Pune,Guwahati,ROAD,2022.1,641.4,MEDIUM,CLEAR,17,0,12,0,0.2442,52.31
Delhi,Guwahati,RAIL,1459.4,253.1,LOW,CLEAR,12,4,9,0,0.2442,18.7
Patna,Mumbai,ROAD,1453.2,297.3,HIGH,RAIN,14,6,9,2,0.1621,61.73
Coimbatore,Ahmedabad,RAIL,1413.7,1779.7,LOW,SNOW,14,1,10,1,0.1001,23.95
Mumbai,Jaipur,AIR,920.7,288.6,MEDIUM,SNOW,8,3,3,0,0.242,2.35
Jaipur,Guwahati,RAIL,1588.0,2666.0,MEDIUM,CLEAR,7,5,4,0,0.0585,30.64
Visakhapatnam,Surat,RAIL,1155.7,494.9,HIGH,CLEAR,9,6,5,2,0.042,31.24
Patna,Surat,ROAD,1348.1,255.8,MEDIUM,SNOW,8,4,9,2,0.0268,48.59
Bhubaneswar,Bengaluru,RAIL,1196.1,582.1,MEDIUM,CLEAR,14,6,5,2,0.2554,27.32
Jaipur,Kochi,RAIL,1888.9,1642.6,MEDIUM,RAIN,9,6,2,0,0.2145,37.15
Ahmedabad,Pune,ROAD,518.1,786.2,MEDIUM,CLEAR,16,5,10,1,0.1874,13.72
Patna,Delhi,RAIL,853.4,1142.6,MEDIUM,CLEAR,14,4,9,0,0.2182,14.7
Chennai,Guwahati,AIR,1882.2,2528.7,MEDIUM,CLEAR,13,6,8,1,0.043,9.14
Kolkata,Chennai,RAIL,1358.4,4019.5,MEDIUM,CLEAR,21,0,11,0,0.1154,23.59
Indore,Mumbai,RAIL,509.8,755.9,LOW,SNOW,9,0,10,1,0.2442,11.49
Nagpur,Delhi,ROAD,851.7,313.2,LOW,RAIN,15,3,11,0,0.275,18.24
Bengaluru,Lucknow,RAIL,1581.9,1201.5,LOW,STORM,0,4,4,1,0.1539,27.82
Surat,Bengaluru,ROAD,1042.5,1929.0,LOW,RAIN,16,6,2,0,0.0366,23.35
Ahmedabad,Visakhapatnam,ROAD,1257.9,190.0,MEDIUM,CLEAR,13,4,5,2,0.2936,38.26
Surat,Pune,ROAD,313.6,376.6,LOW,CLEAR,8,1,10,0,0.1185,6.61
Guwahati,Mumbai,ROAD,2086.3,462.7,MEDIUM,CLEAR,0,6,12,1,0.0957,51.22
Delhi,Lucknow,ROAD,417.0,854.6,MEDIUM,SNOW,16,0,2,0,0.036,12.35
Guwahati,Chennai,RAIL,1882.2,440.0,MEDIUM,CLEAR,15,0,11,1,0.0038,30.44
Jaipur,Guwahati,ROAD,1588.0,2561.8,MEDIUM,STORM,15,5,6,1,0.1811,56.7
Kochi,Hyderabad,ROAD,862.8,159.8,LOW,RAIN,11,6,10,0,0.1837,19.82
Jaipur,Lucknow,ROAD,511.7,164.7,LOW,RAIN,15,3,9,0,0.0703,10.2
Pune,Mumbai,RAIL,120.2,734.6,MEDIUM,RAIN,14,0,1,0,0.0486,2.53
Kochi,Bengaluru,ROAD,367.7,888.2,HIGH,RAIN,8,0,6,0,0.1584,13.16
Nagpur,Kolkata,ROAD,970.1,191.4,MEDIUM,RAIN,13,6,2,1,0.1306,28.27
Bengaluru,Delhi,RAIL,1739.8,529.5,MEDIUM,RAIN,13,1,5,0,0.0911,26.98
Patna,Coimbatore,ROAD,1835.2,677.7,MEDIUM,CLEAR,18,4,10,0,0.0655,47.26
Kochi,Guwahati,AIR,2429.0,684.1,MEDIUM,RAIN,11,2,9,0,0.2578,6.15
Ahmedabad,Hyderabad,ROAD,879.5,1315.9,MEDIUM,CLEAR,11,1,9,0,0.2951,22.0
Coimbatore,Kochi,ROAD,142.3,495.8,MEDIUM,RAIN,22,4,8,0,0.1067,3.93
Indore,Surat,ROAD,356.5,6460.1,LOW,RAIN,19,5,1,1,0.2094,17.8
Pune,Mumbai,RAIL,120.2,1970.1,LOW,CLEAR,8,3,7,0,0.2597,3.64
Mumbai,Delhi,ROAD,1148.1,416.3,LOW,RAIN,19,3,6,2,0.0081,30.78
Nagpur,Surat,AIR,648.8,1228.3,MEDIUM,CLEAR,7,3,7,1,0.2724,6.14
Kolkata,Jaipur,ROAD,1357.8,1272.6,MEDIUM,RAIN,18,4,3,0,0.1497,39.15
Kochi,Mumbai,RAIL,1080.2,4711.0,LOW,RAIN,7,5,9,2,0.167,25.7
Surat,Coimbatore,ROAD,1211.7,533.5,LOW,RAIN,11,4,8,1,0.162,25.02
Lucknow,Patna,ROAD,440.7,2754.0,MEDIUM,RAIN,22,1,5,1,0.0729,16.1
Chennai,Surat,ROAD,1196.8,1153.1,LOW,CLEAR,6,1,1,0,0.2347,21.8
Patna,Guwahati,RAIL,663.0,6567.4,HIGH,CLEAR,18,4,1,1,0.2197,25.97
Chennai,Guwahati,ROAD,1882.2,5162.0,LOW,RAIN,13,4,5,0,0.0287,39.93
Jaipur,Guwahati,AIR,1588.0,1389.0,LOW,CLEAR,6,2,7,1,0.1688,8.2
Visakhapatnam,Hyderabad,RAIL,502.8,800.5,MEDIUM,CLEAR,21,5,12,0,0.2871,9.9
Coimbatore,Bhubaneswar,AIR,1401.3,2014.1,LOW,CLEAR,13,2,9,0,0.2613,4.96
Guwahati,Surat,ROAD,2001.1,883.1,LOW,CLEAR,19,2,6,1,0.1878,44.58
Guwahati,Patna,RAIL,663.0,8236.8,LOW,STORM,18,3,4,0,0.0596,20.77
Bhopal,Bhubaneswar,RAIL,928.8,1204.9,LOW,CLEAR,1,1,3,0,0.1042,12.18
Kolkata,Chennai,RAIL,1358.4,674.0,LOW,CLEAR,8,4,2,2,0.0451,25.01
Visakhapatnam,Jaipur,AIR,1278.6,631.7,MEDIUM,STORM,10,6,1,0,0.2466,4.76
Visakhapatnam,Bengaluru,RAIL,799.0,255.8,LOW,STORM,13,6,11,0,0.2336,14.01
Guwahati,Hyderabad,AIR,1677.6,2138.5,LOW,CLEAR,4,3,1,0,0.2731,6.07
Nagpur,Jaipur,RAIL,723.5,409.9,LOW,SNOW,10,1,11,2,0.019,16.83
Bengaluru,Bhubaneswar,ROAD,1196.1,4096.0,HIGH,CLEAR,18,3,8,1,0.2894,48.79
Surat,Bhubaneswar,RAIL,1354.3,232.4,MEDIUM,SNOW,7,0,8,1,0.2899,32.1
Jaipur,Ahmedabad,ROAD,540.5,1277.5,HIGH,CLEAR,16,4,12,2,0.2023,23.3
Visakhapatnam,Pune,AIR,993.7,4360.2,HIGH,CLEAR,12,3,10,1,0.2645,10.1
Ahmedabad,Surat,AIR,207.7,82.9,LOW,CLEAR,4,0,2,2,0.1315,6.3
Pune,Coimbatore,ROAD,898.3,12356.3,MEDIUM,RAIN,7,3,12,1,0.094,37.26
Delhi,Guwahati,ROAD,1459.4,658.3,LOW,CLEAR,7,5,3,2,0.0463,37.79
Visakhapatnam,Kolkata,ROAD,763.8,1299.0,HIGH,CLEAR,15,1,7,1,0.0095,24.67
Kochi,Chennai,ROAD,559.5,2177.1,MEDIUM,RAIN,6,2,8,0,0.0126,14.7
Mumbai,Patna,ROAD,1453.2,2621.1,LOW,CLEAR,18,6,3,0,0.2075,36.55
Jaipur,Pune,RAIL,953.9,1523.3,HIGH,SNOW,17,4,8,0,0.101,27.14
Lucknow,Chennai,RAIL,1532.1,3629.5,HIGH,CLEAR,5,5,8,1,0.0162,36.52
Lucknow,Mumbai,AIR,1194.7,2044.5,HIGH,CLEAR,19,3,12,3,0.0337,11.42
Coimbatore,Jaipur,ROAD,1771.7,9073.0,LOW,CLEAR,21,3,11,1,0.1996,45.74
Chennai,Ahmedabad,RAIL,1371.8,2052.5,LOW,CLEAR,2,3,5,1,0.2816,23.18
Pune,Bhopal,ROAD,643.5,11586.1,LOW,CLEAR,21,3,9,1,0.1224,26.64
Chennai,Kolkata,AIR,1358.4,3233.4,MEDIUM,RAIN,9,1,10,2,0.2333,12.97
Kolkata,Patna,ROAD,469.2,125.6,MEDIUM,RAIN,15,0,1,1,0.2921,15.31
Coimbatore,Nagpur,ROAD,1149.0,25167.9,LOW,CLEAR,7,5,9,0,0.2125,49.29
Coimbatore,Lucknow,ROAD,1809.1,550.5,MEDIUM,CLEAR,18,3,12,0,0.2169,46.19
Mumbai,Chennai,AIR,1033.1,6598.9,LOW,SNOW,18,3,2,0,0.1848,8.65
Indore,Surat,ROAD,356.5,1132.5,MEDIUM,CLEAR,22,4,10,0,0.2933,9.88
Kolkata,Nagpur,RAIL,970.1,3917.9,HIGH,RAIN,23,2,1,0,0.0899,24.04
Chennai,Ahmedabad,RAIL,1371.8,480.0,MEDIUM,SNOW,5,6,5,0,0.2349,27.23
Hyderabad,Surat,RAIL,727.5,2323.6,LOW,CLEAR,15,3,10,0,0.1245,10.14
Chennai,Ahmedabad,ROAD,1371.8,809.3,LOW,RAIN,8,3,12,0,0.0466,27.75
Lucknow,Jaipur,ROAD,511.7,7294.0,LOW,STORM,6,3,9,2,0.2218,26.52
Guwahati,Pune,ROAD,2022.1,1856.4,MEDIUM,RAIN,7,1,9,0,0.2488,58.34
Bhopal,Pune,ROAD,643.5,3371.6,MEDIUM,STORM,20,1,4,2,0.2591,31.97
Patna,Lucknow,RAIL,440.7,81.7,LOW,CLEAR,16,1,10,0,0.2766,5.29
Lucknow,Nagpur,ROAD,661.4,989.6,HIGH,RAIN,3,1,8,3,0.2235,33.71
Mumbai,Ahmedabad,ROAD,440.0,1794.8,MEDIUM,CLEAR,22,1,12,1,0.1583,14.3
Delhi,Bengaluru,ROAD,1739.8,1434.2,HIGH,CLEAR,17,1,8,2,0.2816,73.64
Hyderabad,Bhubaneswar,RAIL,837.2,3475.1,MEDIUM,STORM,9,6,1,1,0.0629,26.43
Kolkata,Delhi,ROAD,1303.8,706.9,HIGH,CLEAR,12,2,7,1,0.0232,38.74
Visakhapatnam,Bhopal,RAIL,865.7,1162.8,LOW,STORM,16,5,10,0,0.1295,16.48
Visakhapatnam,Hyderabad,ROAD,502.8,4525.4,LOW,RAIN,16,2,10,0,0.1747,14.67
Bhubaneswar,Kolkata,AIR,364.9,71.2,HIGH,STORM,12,5,5,1,0.204,4.2
Indore,Mumbai,RAIL,509.8,2224.4,HIGH,STORM,13,5,3,0,0.2446,16.01
Bhopal,Coimbatore,ROAD,1362.2,734.6,MEDIUM,RAIN,2,5,11,0,0.008,35.73
Indore,Jaipur,ROAD,466.3,366.9,LOW,STORM,13,2,10,2,0.2406,19.46
Jaipur,Pune,ROAD,953.9,1642.3,LOW,SNOW,10,0,11,0,0.18,21.95
Nagpur,Patna,ROAD,790.9,4783.6,MEDIUM,RAIN,9,2,9,1,0.2859,31.01
Kochi,Mumbai,ROAD,1080.2,3816.1,HIGH,RAIN,8,4,10,0,0.1044,43.72
Kochi,Bhopal,AIR,1487.1,932.5,LOW,CLEAR,15,4,5,0,0.1851,4.3
Indore,Lucknow,RAIL,688.7,3136.6,LOW,CLEAR,11,4,10,0,0.23,12.02
Delhi,Bhopal,ROAD,595.7,3107.8,MEDIUM,CLEAR,11,6,6,0,0.1549,17.57
Patna,Bengaluru,RAIL,1610.3,987.5,MEDIUM,CLEAR,7,1,10,2,0.0468,33.22
Ahmedabad,Guwahati,ROAD,1966.8,477.4,MEDIUM,CLEAR,21,3,2,2,0.0149,47.85
Patna,Kolkata,AIR,469.2,511.7,MEDIUM,RAIN,8,3,4,0,0.0334,1.51
Surat,Nagpur,ROAD,648.8,2997.2,HIGH,RAIN,11,1,3,0,0.1485,24.73
Bhubaneswar,Patna,RAIL,593.3,1042.5,LOW,RAIN,7,4,5,2,0.1919,15.15
Pune,Bengaluru,RAIL,735.2,312.5,MEDIUM,SNOW,16,0,10,0,0.1712,13.1
Coimbatore,Hyderabad,ROAD,727.1,145.2,MEDIUM,STORM,11,6,2,0,0.2139,26.57
Visakhapatnam,Coimbatore,ROAD,1002.3,2975.6,MEDIUM,SNOW,11,0,9,0,0.0117,30.22
Pune,Coimbatore,ROAD,898.3,569.0,HIGH,RAIN,19,0,10,1,0.0409,36.06
Lucknow,Kolkata,AIR,887.0,1630.2,MEDIUM,CLEAR,17,1,9,0,0.2283,3.44
Surat,Indore,RAIL,356.5,4854.4,MEDIUM,STORM,13,6,8,0,0.2344,12.51
Kochi,Chennai,RAIL,559.5,228.0,LOW,CLEAR,12,6,2,3,0.2107,16.15
Nagpur,Patna,RAIL,790.9,1038.8,MEDIUM,CLEAR,21,6,8,2,0.2236,19.93
Bhubaneswar,Jaipur,AIR,1258.9,893.5,LOW,CLEAR,21,5,3,1,0.289,7.17
Ahmedabad,Patna,ROAD,1304.5,1729.7,LOW,RAIN,16,6,3,1,0.2833,33.75
Surat,Nagpur,RAIL,648.8,4851.3,MEDIUM,RAIN,17,3,11,2,0.1933,22.21
Jaipur,Guwahati,RAIL,1588.0,222.4,MEDIUM,CLEAR,19,0,8,1,0.0958,30.22
Coimbatore,Lucknow,ROAD,1809.1,2172.8,HIGH,SNOW,21,3,12,1,0.0042,74.85
Pune,Surat,AIR,313.6,3781.3,MEDIUM,CLEAR,5,1,6,0,0.1895,4.4
Bhopal,Chennai,ROAD,1171.1,876.9,HIGH,CLEAR,23,1,5,0,0.1294,35.39
Bengaluru,Surat,ROAD,1042.5,929.9,LOW,CLEAR,16,4,12,2,0.0441,25.51
Bhubaneswar,Visakhapatnam,AIR,399.0,1811.9,MEDIUM,CLEAR,14,1,8,1,0.0646,5.7
Ahmedabad,Surat,ROAD,207.7,1658.7,HIGH,SNOW,11,2,11,0,0.281,9.32
Pune,Kochi,ROAD,989.7,2205.8,MEDIUM,CLEAR,10,2,1,1,0.0199,25.82
Bhopal,Chennai,ROAD,1171.1,2150.7,HIGH,CLEAR,17,0,7,2,0.2362,48.59
Lucknow,Jaipur,RAIL,511.7,337.5,MEDIUM,CLEAR,15,4,10,0,0.2706,8.78
Visakhapatnam,Indore,AIR,950.0,3598.7,LOW,SNOW,7,5,10,1,0.2065,9.37
Surat,Pune,ROAD,313.6,4447.7,MEDIUM,STORM,15,3,9,0,0.0184,13.61
Surat,Mumbai,ROAD,232.9,1371.0,LOW,RAIN,7,0,2,1,0.2538,10.64
Bengaluru,Delhi,ROAD,1739.8,182.5,LOW,RAIN,13,5,7,3,0.196,44.86
Mumbai,Coimbatore,AIR,997.2,955.6,LOW,STORM,14,3,2,2,0.0831,10.29
Ahmedabad,Indore,ROAD,338.4,1384.8,LOW,CLEAR,15,1,10,2,0.1889,13.06
Guwahati,Hyderabad,AIR,1677.6,277.7,LOW,CLEAR,7,6,8,1,0.041,6.16
Coimbatore,Hyderabad,AIR,727.1,711.8,HIGH,RAIN,6,6,3,0,0.2123,2.37
Indore,Mumbai,ROAD,509.8,202.1,LOW,CLEAR,8,3,9,1,0.2709,13.89
Indore,Coimbatore,AIR,1306.5,2272.8,HIGH,CLEAR,14,3,9,0,0.1565,5.22
Ahmedabad,Bengaluru,RAIL,1237.0,1338.3,MEDIUM,CLEAR,20,6,1,1,0.2856,25.1
Chennai,Kochi,RAIL,559.5,152.2,LOW,CLEAR,17,1,2,1,0.1314,10.58
Mumbai,Kolkata,ROAD,1654.8,1672.0,LOW,CLEAR,17,2,3,1,0.2573,42.17
Pune,Hyderabad,AIR,505.8,1024.7,HIGH,CLEAR,9,3,1,0,0.2321,2.15
Pune,Visakhapatnam,RAIL,993.7,2037.9,MEDIUM,CLEAR,6,2,7,0,0.0265,16.77
Chennai,Mumbai,RAIL,1033.1,685.5,HIGH,SNOW,19,2,11,0,0.2738,32.43
Hyderabad,Ahmedabad,AIR,879.5,419.1,LOW,RAIN,13,0,1,0,0.2731,2.68
Mumbai,Hyderabad,ROAD,621.5,434.8,MEDIUM,CLEAR,6,1,8,0,0.1054,13.94
Indore,Hyderabad,AIR,653.6,574.9,MEDIUM,CLEAR,13,2,6,0,0.238,2.09
Coimbatore,Chennai,AIR,427.4,1121.7,HIGH,CLEAR,16,5,11,2,0.0674,8.3
Nagpur,Coimbatore,ROAD,1149.0,1309.7,LOW,CLEAR,9,2,6,0,0.0091,23.77
Jaipur,Ahmedabad,ROAD,540.5,872.3,HIGH,CLEAR,0,1,9,2,0.0624,22.64
Jaipur,Ahmedabad,ROAD,540.5,659.9,LOW,CLEAR,15,5,12,0,0.1452,11.57
Pune,Guwahati,AIR,2022.1,719.3,HIGH,SNOW,2,2,2,2,0.0173,11.75
Bengaluru,Pune,ROAD,735.2,22231.6,MEDIUM,SNOW,11,6,4,1,0.048,46.16
Bhopal,Pune,RAIL,643.5,434.9,MEDIUM,SNOW,18,0,4,2,0.2851,19.11
Bhopal,Pune,ROAD,643.5,561.4,LOW,RAIN,23,0,3,2,0.1482,19.56
Mumbai,Pune,ROAD,120.2,50000.0,HIGH,RAIN,10,6,8,1,0.2469,55.32
Jaipur,Delhi,RAIL,235.3,1817.5,LOW,RAIN,1,0,1,0,0.062,4.85
Hyderabad,Indore,ROAD,653.6,209.4,MEDIUM,SNOW,13,0,5,1,0.0266,21.5
Chennai,Mumbai,AIR,1033.1,3014.6,MEDIUM,RAIN,9,4,2,0,0.2342,6.38
Patna,Kolkata,ROAD,469.2,368.0,MEDIUM,RAIN,19,2,8,2,0.1047,21.08
Surat,Kolkata,AIR,1609.7,3264.5,MEDIUM,SNOW,16,3,10,2,0.1379,12.17
Indore,Hyderabad,ROAD,653.6,851.4,MEDIUM,RAIN,11,2,6,0,0.2976,17.58
Patna,Kochi,AIR,1976.9,646.9,MEDIUM,CLEAR,17,2,6,1,0.095,7.04
Guwahati,Bhopal,RAIL,1481.2,7562.8,MEDIUM,CLEAR,10,3,6,0,0.1419,26.91
Visakhapatnam,Guwahati,ROAD,1286.2,2163.9,MEDIUM,CLEAR,13,1,3,1,0.1904,35.27
Indore,Ahmedabad,ROAD,338.4,3524.8,MEDIUM,CLEAR,20,1,5,1,0.0267,13.1
Bhubaneswar,Coimbatore,ROAD,1401.3,1848.1,HIGH,CLEAR,7,1,12,1,0.2149,57.37
Lucknow,Mumbai,RAIL,1194.7,643.3,MEDIUM,CLEAR,9,0,1,2,0.1355,28.97
Guwahati,Surat,AIR,2001.1,2283.9,LOW,CLEAR,19,3,10,0,0.0525,6.3
Kochi,Surat,ROAD,1302.6,4680.0,MEDIUM,STORM,12,3,2,1,0.1292,50.57
Nagpur,Coimbatore,ROAD,1149.0,1289.1,LOW,CLEAR,9,0,2,1,0.1382,29.69
Coimbatore,Pune,RAIL,898.3,9527.8,LOW,CLEAR,2,3,4,0,0.1922,22.22
Surat,Mumbai,RAIL,232.9,3043.0,MEDIUM,CLEAR,11,5,4,0,0.2811,6.62
Patna,Kochi,RAIL,1976.9,1414.3,MEDIUM,CLEAR,13,0,4,0,0.2295,30.77
Hyderabad,Delhi,ROAD,1255.4,1482.9,MEDIUM,RAIN,11,2,11,1,0.1147,35.07
Guwahati,Kochi,RAIL,2429.0,1293.0,HIGH,RAIN,9,6,11,2,0.2909,70.89
Indore,Patna,AIR,994.0,244.3,LOW,CLEAR,10,2,9,0,0.2372,2.4
Kochi,Visakhapatnam,ROAD,1142.8,984.3,LOW,RAIN,15,0,2,0,0.0084,22.51
Lucknow,Bhubaneswar,ROAD,881.6,1430.0,LOW,CLEAR,19,3,12,0,0.035,20.4
Bhubaneswar,Chennai,ROAD,996.3,665.6,LOW,RAIN,15,2,11,0,0.0654,18.11
Delhi,Jaipur,RAIL,235.3,1644.5,MEDIUM,STORM,15,1,1,0,0.0251,5.96
Bengaluru,Kochi,ROAD,367.7,1125.0,MEDIUM,STORM,18,0,5,1,0.1456,17.04
Surat,Patna,AIR,1348.1,2775.1,MEDIUM,CLEAR,7,6,10,0,0.1022,5.37
Patna,Visakhapatnam,RAIL,901.3,2430.2,LOW,RAIN,9,5,2,2,0.2919,22.26
Visakhapatnam,Kochi,RAIL,1142.8,1340.2,MEDIUM,SNOW,3,4,1,0,0.1418,20.45
Jaipur,Pune,RAIL,953.9,212.6,LOW,SNOW,10,0,8,1,0.0636,16.15
Indore,Delhi,ROAD,669.2,9403.8,MEDIUM,CLEAR,23,6,5,0,0.2912,26.45
Bhopal,Coimbatore,AIR,1362.2,924.9,MEDIUM,CLEAR,9,3,6,0,0.1542,3.92
Guwahati,Lucknow,ROAD,1076.3,995.2,LOW,CLEAR,18,3,10,0,0.0219,21.49
Nagpur,Delhi,RAIL,851.7,727.0,HIGH,CLEAR,5,6,7,1,0.0243,20.51
Jaipur,Coimbatore,AIR,1771.7,610.3,MEDIUM,RAIN,12,3,9,3,0.2026,13.8
Guwahati,Jaipur,RAIL,1588.0,6994.4,LOW,CLEAR,10,1,2,0,0.1484,25.63
Bengaluru,Kochi,AIR,367.7,5786.3,MEDIUM,CLEAR,7,1,1,1,0.1873,9.79
Guwahati,Mumbai,ROAD,2086.3,1869.2,MEDIUM,SNOW,10,6,4,1,0.2549,62.03
Chennai,Delhi,AIR,1755.8,963.9,LOW,CLEAR,15,3,3,0,0.2044,4.9
Hyderabad,Nagpur,RAIL,422.9,2305.2,LOW,STORM,12,4,4,2,0.2585,14.37
Visakhapatnam,Bengaluru,RAIL,799.0,1198.2,MEDIUM,SNOW,18,4,10,0,0.2228,17.15
Patna,Mumbai,ROAD,1453.2,872.8,HIGH,SNOW,19,1,2,2,0.2023,63.16
Guwahati,Nagpur,ROAD,1402.1,1645.4,MEDIUM,SNOW,12,2,2,1,0.0404,42.32
Patna,Kochi,RAIL,1976.9,645.9,MEDIUM,CLEAR,22,6,3,0,0.1448,32.67
Indore,Patna,ROAD,994.0,1484.3,MEDIUM,CLEAR,4,1,4,1,0.1299,27.72
Pune,Kochi,RAIL,989.7,1401.2,MEDIUM,STORM,9,6,3,0,0.1622,23.27
Mumbai,Visakhapatnam,AIR,1101.9,2260.9,LOW,CLEAR,11,1,3,1,0.1173,7.75
Bengaluru,Indore,AIR,1099.4,521.7,LOW,CLEAR,14,2,7,2,0.1861,9.43
Hyderabad,Surat,ROAD,727.5,2571.3,HIGH,RAIN,13,0,2,1,0.1177,28.24
Mumbai,Bhubaneswar,AIR,1361.9,369.6,HIGH,CLEAR,14,4,2,0,0.1673,3.32
Surat,Pune,ROAD,313.6,551.7,HIGH,CLEAR,19,2,11,0,0.1185,9.93
Kochi,Delhi,ROAD,2079.7,581.3,LOW,CLEAR,9,3,1,1,0.2705,45.97
Guwahati,Kochi,AIR,2429.0,302.9,MEDIUM,CLEAR,18,4,1,1,0.112,8.55
Lucknow,Hyderabad,ROAD,1082.1,3710.0,MEDIUM,RAIN,14,4,1,1,0.2193,36.12
Bhubaneswar,Guwahati,ROAD,887.3,342.8,LOW,CLEAR,12,6,7,0,0.1841,16.72
Guwahati,Jaipur,ROAD,1588.0,474.0,LOW,CLEAR,9,3,9,1,0.1157,40.17
Bhubaneswar,Mumbai,RAIL,1361.9,4946.8,MEDIUM,CLEAR,9,1,9,1,0.2423,32.91
Lucknow,Nagpur,AIR,661.4,553.0,MEDIUM,RAIN,10,4,9,1,0.2783,4.92
Pune,Jaipur,ROAD,953.9,875.0,MEDIUM,CLEAR,17,0,1,0,0.2281,28.16
Guwahati,Lucknow,ROAD,1076.3,325.6,LOW,CLEAR,12,5,5,0,0.2846,20.35
Kolkata,Hyderabad,RAIL,1181.9,2979.6,MEDIUM,SNOW,7,2,8,0,0.1309,26.85
Jaipur,Guwahati,ROAD,1588.0,3029.3,LOW,CLEAR,17,5,9,2,0.2741,42.54
Delhi,Ahmedabad,RAIL,775.7,2661.7,LOW,RAIN,15,1,5,2,0.2629,17.57
Kochi,Bhubaneswar,AIR,1541.8,2090.2,MEDIUM,CLEAR,21,2,11,2,0.2287,12.08
Indore,Jaipur,RAIL,466.3,1197.9,LOW,CLEAR,13,4,11,0,0.2506,6.94
Delhi,Mumbai,AIR,1148.1,584.5,HIGH,CLEAR,15,4,10,1,0.219,6.66
Kolkata,Bhubaneswar,RAIL,364.9,412.4,MEDIUM,SNOW,12,0,10,2,0.1537,12.13
Bhopal,Chennai,AIR,1171.1,5155.8,LOW,CLEAR,16,0,12,0,0.1657,7.09
Surat,Hyderabad,ROAD,727.5,2745.6,LOW,CLEAR,11,6,10,0,0.1253,15.85
Visakhapatnam,Bhubaneswar,ROAD,399.0,477.2,MEDIUM,RAIN,7,3,8,0,0.1993,13.82
Hyderabad,Bhubaneswar,RAIL,837.2,1150.3,LOW,CLEAR,23,5,5,1,0.0974,14.97
Coimbatore,Jaipur,ROAD,1771.7,765.0,LOW,SNOW,16,0,5,0,0.2219,42.09
Jaipur,Kochi,AIR,1888.9,283.2,MEDIUM,STORM,14,3,10,0,0.1515,6.03
Visakhapatnam,Pune,RAIL,993.7,1357.2,LOW,RAIN,12,4,4,1,0.106,16.13
Kolkata,Patna,AIR,469.2,666.1,MEDIUM,CLEAR,16,6,8,1,0.0442,5.26
Mumbai,Surat,ROAD,232.9,349.7,MEDIUM,CLEAR,6,4,7,2,0.0767,11.81
Delhi,Jaipur,ROAD,235.3,185.9,LOW,STORM,9,4,5,1,0.1921,10.52
Ahmedabad,Lucknow,RAIL,945.1,167.9,MEDIUM,CLEAR,6,2,6,2,0.111,21.41
Guwahati,Hyderabad,ROAD,1677.6,702.2,MEDIUM,CLEAR,6,6,1,1,0.01,39.33
Mumbai,Ahmedabad,RAIL,440.0,990.2,MEDIUM,STORM,1,2,9,2,0.0989,14.81
Ahmedabad,Surat,RAIL,207.7,383.6,LOW,STORM,17,1,1,0,0.1099,3.91
Bengaluru,Mumbai,AIR,845.3,2394.4,MEDIUM,CLEAR,8,5,1,2,0.0703,10.65
Coimbatore,Chennai,RAIL,427.4,1013.7,LOW,CLEAR,18,6,4,2,0.0859,12.11
Nagpur,Kochi,ROAD,1283.0,2191.3,MEDIUM,RAIN,19,5,7,1,0.2115,44.23
Kochi,Ahmedabad,ROAD,1507.8,880.5,LOW,SNOW,7,1,4,0,0.2239,39.4
Patna,Indore,RAIL,994.0,426.4,HIGH,CLEAR,16,5,11,0,0.2877,20.02
Nagpur,Bhopal,ROAD,291.6,1257.6,LOW,CLEAR,12,2,12,0,0.0354,6.05
Kochi,Bhopal,ROAD,1487.1,241.0,HIGH,CLEAR,20,1,5,0,0.0935,44.71
Mumbai,Jaipur,ROAD,920.7,2095.0,HIGH,CLEAR,12,6,12,0,0.0231,27.46
Bhubaneswar,Lucknow,ROAD,881.6,356.2,MEDIUM,CLEAR,10,6,2,0,0.184,23.3
Patna,Visakhapatnam,RAIL,901.3,3300.7,LOW,SNOW,9,2,2,0,0.0049,16.96
Patna,Guwahati,ROAD,663.0,730.6,LOW,CLEAR,19,0,5,2,0.0616,20.12
Ahmedabad,Hyderabad,RAIL,879.5,3924.7,HIGH,CLEAR,8,1,12,1,0.1761,26.9
Visakhapatnam,Nagpur,ROAD,579.2,285.1,MEDIUM,SNOW,18,3,7,2,0.1076,23.49
Ahmedabad,Guwahati,RAIL,1966.8,486.2,MEDIUM,CLEAR,7,0,9,0,0.1633,33.81
Mumbai,Kochi,ROAD,1080.2,1732.2,LOW,CLEAR,15,1,8,0,0.1921,21.85
Coimbatore,Lucknow,AIR,1809.1,4467.6,HIGH,STORM,12,1,6,0,0.2517,9.66
Kolkata,Guwahati,ROAD,523.8,8102.5,LOW,CLEAR,6,6,12,2,0.1179,24.01
Bengaluru,Bhopal,RAIL,1144.2,1152.4,LOW,SNOW,6,2,12,0,0.0837,15.57
Indore,Visakhapatnam,ROAD,950.0,9949.7,LOW,CLEAR,9,2,6,1,0.1616,33.17
Kolkata,Chennai,ROAD,1358.4,774.6,MEDIUM,CLEAR,17,2,9,0,0.0209,35.77
Bhubaneswar,Bengaluru,ROAD,1196.1,4099.1,HIGH,RAIN,16,0,8,0,0.0126,38.13
Jaipur,Coimbatore,AIR,1771.7,354.0,MEDIUM,CLEAR,8,3,8,0,0.1357,4.15
Mumbai,Surat,AIR,232.9,1815.7,LOW,RAIN,12,6,2,0,0.0654,2.19
Guwahati,Bhopal,ROAD,1481.2,66.0,LOW,CLEAR,6,5,3,0,0.0022,23.59
Surat,Chennai,ROAD,1196.8,285.5,MEDIUM,RAIN,16,1,12,2,0.2038,35.75
Hyderabad,Kolkata,RAIL,1181.9,1919.9,MEDIUM,CLEAR,17,0,3,0,0.2448,26.4
Nagpur,Visakhapatnam,RAIL,579.2,227.0,LOW,SNOW,19,5,8,0,0.0444,9.67
Surat,Pune,ROAD,313.6,1830.5,LOW,RAIN,19,5,11,0,0.1692,9.86
Mumbai,Bhopal,RAIL,661.4,3254.4,MEDIUM,CLEAR,10,6,8,3,0.2952,24.08
Kochi,Pune,RAIL,989.7,600.9,HIGH,CLEAR,8,4,3,1,0.0806,25.8
Jaipur,Hyderabad,RAIL,1095.1,342.8,MEDIUM,CLEAR,19,3,11,1,0.2192,23.89
Nagpur,Chennai,ROAD,905.3,620.8,LOW,RAIN,7,5,1,1,0.0486,23.26
Bhubaneswar,Coimbatore,ROAD,1401.3,344.1,MEDIUM,CLEAR,4,4,9,2,0.2796,40.91
Indore,Coimbatore,ROAD,1306.5,971.2,LOW,RAIN,9,5,4,0,0.0001,31.65
Nagpur,Bengaluru,RAIL,922.7,1239.6,HIGH,CLEAR,17,1,8,1,0.0884,25.6
Hyderabad,Ahmedabad,ROAD,879.5,759.6,LOW,CLEAR,16,6,6,2,0.2929,25.81
Kolkata,Bhopal,RAIL,1124.0,8178.2,LOW,RAIN,23,0,7,0,0.2012,22.75
Jaipur,Ahmedabad,RAIL,540.5,462.5,MEDIUM,CLEAR,10,0,5,0,0.0636,9.18
Bhubaneswar,Patna,RAIL,593.3,5823.9,LOW,CLEAR,9,4,7,1,0.2374,17.01
Surat,Hyderabad,ROAD,727.5,314.4,LOW,RAIN,10,4,12,0,0.2694,16.9
Pune,Delhi,ROAD,1173.0,1196.7,MEDIUM,RAIN,17,3,10,0,0.1462,35.77
Kochi,Pune,ROAD,989.7,4535.7,MEDIUM,CLEAR,8,6,6,0,0.0468,30.22
Bhubaneswar,Bhopal,RAIL,928.8,4262.6,HIGH,CLEAR,21,6,12,0,0.0776,21.72
Coimbatore,Chennai,AIR,427.4,662.3,LOW,CLEAR,13,5,11,1,0.2829,4.45
Hyderabad,Visakhapatnam,ROAD,502.8,2134.7,LOW,RAIN,17,1,8,0,0.0483,12.32
Patna,Mumbai,AIR,1453.2,1817.9,MEDIUM,CLEAR,18,0,8,1,0.0936,7.83
Bhopal,Delhi,ROAD,595.7,573.7,MEDIUM,RAIN,12,0,1,0,0.0437,14.03
Jaipur,Surat,ROAD,705.5,2296.5,LOW,SNOW,17,4,7,0,0.0317,20.64
Ahmedabad,Surat,ROAD,207.7,10249.6,HIGH,STORM,10,4,3,0,0.1566,19.46
Bengaluru,Hyderabad,RAIL,500.0,1931.5,HIGH,CLEAR,17,5,2,2,0.119,19.74
Hyderabad,Delhi,ROAD,1255.4,2163.8,LOW,CLEAR,18,0,11,0,0.0139,24.83
Surat,Nagpur,ROAD,648.8,2456.7,MEDIUM,CLEAR,14,1,4,1,0.0436,18.99
Bhubaneswar,Ahmedabad,RAIL,1402.2,190.0,MEDIUM,CLEAR,8,2,8,2,0.0113,26.29
Bhubaneswar,Bengaluru,RAIL,1196.1,1905.1,LOW,CLEAR,21,4,11,1,0.0074,19.72
Chennai,Ahmedabad,ROAD,1371.8,323.7,MEDIUM,SNOW,21,0,8,0,0.0535,35.39
Nagpur,Coimbatore,ROAD,1149.0,540.3,LOW,CLEAR,15,5,10,0,0.2231,21.26
Delhi,Hyderabad,RAIL,1255.4,14681.3,LOW,CLEAR,22,0,10,1,0.0044,33.9
Nagpur,Bhubaneswar,ROAD,706.9,809.2,HIGH,RAIN,13,3,6,1,0.0913,26.89
Pune,Hyderabad,ROAD,505.8,451.1,MEDIUM,STORM,10,6,12,1,0.1694,21.55
Jaipur,Chennai,RAIL,1607.1,4372.5,LOW,CLEAR,12,1,11,1,0.2231,27.68
Patna,Hyderabad,ROAD,1142.6,351.7,MEDIUM,SNOW,3,4,5,0,0.2034,34.82
Jaipur,Pune,RAIL,953.9,641.0,HIGH,SNOW,13,3,10,1,0.2965,26.06
Visakhapatnam,Bengaluru,ROAD,799.0,4909.2,MEDIUM,CLEAR,15,5,3,1,0.0827,24.58
Surat,Bhopal,ROAD,525.7,1154.4,HIGH,RAIN,6,4,2,3,0.0,27.51
Guwahati,Pune,ROAD,2022.1,168.4,HIGH,CLEAR,8,5,7,1,0.0115,74.08
Indore,Patna,ROAD,994.0,2106.5,LOW,CLEAR,16,2,8,0,0.0293,20.02
Hyderabad,Lucknow,ROAD,1082.1,681.5,MEDIUM,CLEAR,17,1,8,1,0.2926,31.2
Kochi,Jaipur,ROAD,1888.9,6959.2,MEDIUM,CLEAR,23,4,10,1,0.171,51.62
Jaipur,Lucknow,AIR,511.7,529.8,MEDIUM,RAIN,8,6,5,0,0.2398,1.87
Surat,Chennai,AIR,1196.8,3871.8,LOW,SNOW,18,3,10,1,0.2955,9.28
Bengaluru,Patna,ROAD,1610.3,9235.8,LOW,CLEAR,7,5,11,0,0.2533,39.74
Bengaluru,Patna,RAIL,1610.3,395.0,LOW,RAIN,7,6,2,0,0.1223,24.41
Bhopal,Guwahati,RAIL,1481.2,869.7,MEDIUM,CLEAR,16,4,6,1,0.2628,28.65
Chennai,Kochi,AIR,559.5,1748.2,MEDIUM,CLEAR,11,5,3,0,0.1301,2.92
Guwahati,Lucknow,ROAD,1076.3,392.0,MEDIUM,RAIN,17,3,8,1,0.0342,34.11
Bhubaneswar,Pune,ROAD,1270.3,1516.8,MEDIUM,CLEAR,9,5,5,0,0.1644,37.23
Patna,Bhubaneswar,ROAD,593.3,837.2,LOW,SNOW,8,2,4,2,0.2747,22.42
Patna,Hyderabad,ROAD,1142.6,817.2,LOW,CLEAR,13,3,4,1,0.2354,25.27
Bhopal,Lucknow,ROAD,534.5,1163.0,MEDIUM,SNOW,6,0,5,1,0.1206,20.47
Delhi,Kochi,AIR,2079.7,1194.5,MEDIUM,CLEAR,9,1,2,0,0.2565,5.6
Ahmedabad,Coimbatore,AIR,1413.7,1335.0,MEDIUM,CLEAR,7,4,2,3,0.1393,13.88
Lucknow,Coimbatore,ROAD,1809.1,534.5,LOW,SNOW,9,5,8,0,0.2054,46.24
Coimbatore,Delhi,ROAD,1956.9,563.3,MEDIUM,RAIN,17,0,12,1,0.0999,56.49
Kolkata,Bhubaneswar,ROAD,364.9,951.2,HIGH,CLEAR,6,0,7,0,0.0584,12.15
Lucknow,Bengaluru,ROAD,1581.9,1039.3,LOW,SNOW,15,0,12,0,0.094,33.1
Pune,Bhopal,RAIL,643.5,647.7,LOW,CLEAR,14,3,2,1,0.2625,11.59
Bengaluru,Coimbatore,ROAD,228.2,1617.6,MEDIUM,CLEAR,13,2,12,0,0.2969,7.97
Bengaluru,Nagpur,AIR,922.7,124.2,MEDIUM,CLEAR,12,0,8,0,0.0792,2.15
Ahmedabad,Coimbatore,AIR,1413.7,456.4,HIGH,RAIN,15,5,9,0,0.0496,3.64
Delhi,Pune,RAIL,1173.0,783.7,HIGH,RAIN,18,3,1,0,0.0213,26.89
Delhi,Pune,RAIL,1173.0,392.5,MEDIUM,SNOW,7,0,8,3,0.2261,32.99
Ahmedabad,Pune,RAIL,518.1,7746.8,LOW,RAIN,18,4,5,1,0.1584,19.34
Kolkata,Ahmedabad,ROAD,1618.9,1121.7,MEDIUM,CLEAR,4,6,11,0,0.1668,38.19
Bhopal,Nagpur,ROAD,291.6,1355.8,HIGH,CLEAR,12,2,10,1,0.0136,11.98
Mumbai,Lucknow,RAIL,1194.7,614.1,MEDIUM,CLEAR,13,6,11,1,0.0243,22.68
Pune,Patna,ROAD,1402.5,1076.1,HIGH,RAIN,7,2,11,1,0.2744,52.71
Lucknow,Jaipur,AIR,511.7,255.1,MEDIUM,CLEAR,6,0,9,1,0.173,4.17
Guwahati,Pune,ROAD,2022.1,894.5,LOW,RAIN,5,0,3,0,0.0658,38.91
Indore,Chennai,ROAD,1168.6,356.2,MEDIUM,RAIN,2,0,4,0,0.0622,28.76
Bhubaneswar,Bhopal,ROAD,928.8,786.1,MEDIUM,SNOW,14,2,11,1,0.0723,27.49
Pune,Bhubaneswar,AIR,1270.3,50.8,LOW,CLEAR,7,2,8,1,0.0191,5.71
Jaipur,Bhubaneswar,ROAD,1258.9,283.3,LOW,CLEAR,17,3,11,1,0.0149,28.33
Jaipur,Hyderabad,ROAD,1095.1,6353.2,MEDIUM,STORM,19,3,10,0,0.216,47.62
Bhubaneswar,Lucknow,ROAD,881.6,2970.5,LOW,RAIN,9,6,8,2,0.0791,31.48
Guwahati,Patna,RAIL,663.0,5339.3,LOW,CLEAR,7,0,2,0,0.1153,14.48
Guwahati,Indore,AIR,1650.8,5798.0,MEDIUM,RAIN,11,6,12,1,0.1612,12.21
Kochi,Delhi,ROAD,2079.7,2459.2,MEDIUM,STORM,19,1,3,0,0.096,88.48
Surat,Bhopal,AIR,525.7,636.9,MEDIUM,CLEAR,11,6,3,1,0.1436,4.64
Surat,Mumbai,ROAD,232.9,315.9,HIGH,STORM,6,0,2,3,0.2595,19.89
Guwahati,Bengaluru,RAIL,2080.0,4342.0,HIGH,CLEAR,22,0,1,0,0.0732,43.39
Hyderabad,Nagpur,ROAD,422.9,1185.0,MEDIUM,STORM,13,0,5,1,0.2374,19.35
Pune,Bengaluru,ROAD,735.2,21869.0,LOW,CLEAR,10,2,11,1,0.0792,36.7
Bhubaneswar,Pune,RAIL,1270.3,707.6,MEDIUM,CLEAR,19,6,11,0,0.0561,22.77
Ahmedabad,Bhopal,RAIL,495.7,11701.5,LOW,CLEAR,20,3,6,0,0.0218,17.13
Kolkata,Nagpur,ROAD,970.1,908.5,HIGH,SNOW,13,1,4,1,0.2053,38.92
Bhopal,Jaipur,AIR,437.9,5449.4,MEDIUM,STORM,9,4,5,0,0.1235,7.09
Pune,Delhi,AIR,1173.0,8400.4,LOW,CLEAR,12,3,12,0,0.2311,10.32
Bhubaneswar,Kochi,ROAD,1541.8,321.3,MEDIUM,CLEAR,8,4,1,2,0.0398,45.17
Coimbatore,Bhubaneswar,RAIL,1401.3,612.8,MEDIUM,CLEAR,12,5,1,1,0.181,26.39
Pune,Patna,RAIL,1402.5,317.5,HIGH,CLEAR,8,5,1,1,0.0039,35.12
Surat,Jaipur,ROAD,705.5,250.7,LOW,SNOW,15,1,11,1,0.0701,19.25
Guwahati,Bhubaneswar,AIR,887.3,2441.8,HIGH,CLEAR,17,3,2,1,0.1829,6.82
Patna,Lucknow,ROAD,440.7,866.1,LOW,STORM,21,4,12,1,0.0168,15.37
Kolkata,Bengaluru,RAIL,1560.7,1167.8,MEDIUM,STORM,18,3,3,0,0.1132,33.62
Bhopal,Bhubaneswar,ROAD,928.8,2137.7,HIGH,CLEAR,5,6,7,0,0.1685,30.28
Indore,Pune,ROAD,511.2,118.1,LOW,RAIN,8,6,12,1,0.2183,14.33
Nagpur,Coimbatore,RAIL,1149.0,5136.5,LOW,STORM,13,5,2,2,0.2117,29.42
Mumbai,Ahmedabad,RAIL,440.0,721.3,HIGH,SNOW,8,1,4,0,0.0445,11.48
Hyderabad,Bhubaneswar,AIR,837.2,2077.4,HIGH,RAIN,0,3,9,3,0.0226,14.09
Bhubaneswar,Surat,AIR,1354.3,2309.7,LOW,CLEAR,17,5,10,1,0.1129,8.27
Kolkata,Lucknow,ROAD,887.0,5681.4,MEDIUM,CLEAR,10,1,11,0,0.0722,25.99
Hyderabad,Visakhapatnam,ROAD,502.8,967.0,HIGH,SNOW,4,4,1,0,0.0917,18.1
Pune,Delhi,ROAD,1173.0,85.8,LOW,CLEAR,13,1,10,0,0.1027,21.4
Chennai,Lucknow,ROAD,1532.1,1174.4,MEDIUM,RAIN,22,0,4,1,0.1192,45.67
Chennai,Ahmedabad,ROAD,1371.8,1395.3,MEDIUM,RAIN,16,1,7,0,0.1556,37.43
Pune,Surat,AIR,313.6,317.0,LOW,CLEAR,7,6,11,0,0.0028,0.88
Bhubaneswar,Hyderabad,RAIL,837.2,1309.0,HIGH,CLEAR,13,6,11,0,0.0894,17.9
Mumbai,Nagpur,ROAD,688.0,711.1,LOW,CLEAR,19,5,3,3,0.0793,24.14
Hyderabad,Ahmedabad,ROAD,879.5,218.9,HIGH,SNOW,3,1,6,0,0.0709,30.97
Delhi,Chennai,RAIL,1755.8,2454.8,MEDIUM,CLEAR,15,5,4,0,0.2366,35.37
Bhopal,Chennai,ROAD,1171.1,557.5,MEDIUM,CLEAR,16,1,8,0,0.0754,26.02
Hyderabad,Nagpur,ROAD,422.9,673.4,MEDIUM,STORM,16,0,10,0,0.0453,14.55
Kochi,Hyderabad,ROAD,862.8,629.5,MEDIUM,RAIN,7,1,4,0,0.2555,25.33
Bhopal,Pune,ROAD,643.5,4829.9,HIGH,RAIN,19,0,2,1,0.1149,31.88
Kochi,Indore,ROAD,1422.7,1044.1,MEDIUM,SNOW,9,4,1,1,0.0552,52.4
Indore,Pune,RAIL,511.2,1205.8,MEDIUM,CLEAR,3,4,1,0,0.2254,9.28
Jaipur,Ahmedabad,ROAD,540.5,646.3,MEDIUM,STORM,5,0,5,2,0.1972,24.83
Bhubaneswar,Kolkata,RAIL,364.9,1911.1,LOW,SNOW,12,0,12,0,0.2836,6.76
Lucknow,Pune,RAIL,1176.7,5536.9,LOW,CLEAR,2,3,4,2,0.2633,27.92
Coimbatore,Nagpur,AIR,1149.0,2386.1,MEDIUM,CLEAR,17,0,5,0,0.2083,4.89
Guwahati,Surat,ROAD,2001.1,2500.5,MEDIUM,CLEAR,18,5,9,2,0.0483,61.08
Bhopal,Guwahati,ROAD,1481.2,2269.9,MEDIUM,RAIN,0,2,8,2,0.145,40.06
Nagpur,Kochi,ROAD,1283.0,209.3,MEDIUM,RAIN,17,2,4,2,0.0356,41.49
Hyderabad,Mumbai,ROAD,621.5,383.2,MEDIUM,RAIN,22,0,2,0,0.1648,15.73
Visakhapatnam,Ahmedabad,ROAD,1257.9,857.5,MEDIUM,STORM,2,4,2,1,0.275,43.27
Nagpur,Hyderabad,RAIL,422.9,459.0,MEDIUM,CLEAR,16,5,3,2,0.0011,13.51
Coimbatore,Bhopal,ROAD,1362.2,305.7,HIGH,SNOW,23,5,2,1,0.2628,55.42
Hyderabad,Guwahati,ROAD,1677.6,116.0,LOW,RAIN,17,3,6,0,0.1618,41.33
Kochi,Hyderabad,ROAD,862.8,217.9,MEDIUM,RAIN,13,1,8,0,0.0454,22.6
Lucknow,Surat,RAIL,1037.7,806.1,LOW,CLEAR,19,0,9,0,0.2568,14.99
Chennai,Bengaluru,AIR,290.2,1009.0,HIGH,RAIN,16,2,11,0,0.1611,1.84
Chennai,Coimbatore,RAIL,427.4,423.4,MEDIUM,RAIN,9,3,4,0,0.1344,8.86
Bhopal,Coimbatore,RAIL,1362.2,1205.6,MEDIUM,CLEAR,8,0,8,1,0.1499,27.19
Pune,Kochi,RAIL,989.7,651.6,HIGH,SNOW,13,0,11,0,0.0442,21.24
Bengaluru,Ahmedabad,RAIL,1237.0,4059.0,MEDIUM,CLEAR,10,1,1,0,0.0338,19.77
Jaipur,Delhi,ROAD,235.3,903.3,LOW,CLEAR,9,0,10,0,0.1985,5.91
Nagpur,Patna,RAIL,790.9,2529.0,MEDIUM,SNOW,7,0,2,2,0.2641,23.59
Pune,Jaipur,RAIL,953.9,1399.5,LOW,CLEAR,18,3,7,1,0.2083,18.06
Guwahati,Nagpur,ROAD,1402.1,203.9,HIGH,RAIN,16,5,10,1,0.2522,50.56
Kochi,Surat,RAIL,1302.6,983.6,MEDIUM,RAIN,9,3,6,1,0.2534,27.42
Surat,Guwahati,ROAD,2001.1,248.9,MEDIUM,CLEAR,8,0,7,1,0.0096,51.77
Coimbatore,Visakhapatnam,RAIL,1002.3,963.2,HIGH,CLEAR,6,2,8,0,0.2313,19.81
Jaipur,Lucknow,ROAD,511.7,448.5,MEDIUM,CLEAR,6,0,7,1,0.2316,15.09
Bengaluru,Mumbai,RAIL,845.3,1734.3,MEDIUM,CLEAR,15,4,9,0,0.105,13.91
Mumbai,Delhi,AIR,1148.1,219.0,LOW,RAIN,6,1,11,1,0.123,6.0
Coimbatore,Jaipur,ROAD,1771.7,1116.2,LOW,CLEAR,21,2,2,0,0.2236,34.12
Guwahati,Bhopal,ROAD,1481.2,2179.6,HIGH,STORM,9,6,5,2,0.296,83.14
Patna,Mumbai,ROAD,1453.2,3258.8,HIGH,CLEAR,1,4,11,1,0.2963,53.83
Bengaluru,Patna,ROAD,1610.3,438.3,MEDIUM,CLEAR,18,5,5,0,0.1422,44.12
Hyderabad,Kochi,AIR,862.8,1120.2,LOW,STORM,10,2,6,1,0.2369,7.25
Mumbai,Surat,ROAD,232.9,1367.8,LOW,CLEAR,10,6,9,0,0.1398,5.78
Delhi,Patna,ROAD,853.4,7020.2,HIGH,RAIN,6,5,12,0,0.2598,36.92
Kolkata,Visakhapatnam,ROAD,763.8,185.4,LOW,RAIN,15,3,4,2,0.1949,20.9
Bhopal,Bhubaneswar,AIR,928.8,367.5,MEDIUM,SNOW,10,4,12,1,0.281,5.75
Delhi,Bhopal,ROAD,595.7,31740.7,LOW,CLEAR,18,4,9,1,0.2992,47.72
Guwahati,Indore,RAIL,1650.8,790.2,LOW,CLEAR,15,1,1,0,0.0991,20.9
Lucknow,Coimbatore,ROAD,1809.1,113.4,MEDIUM,STORM,19,1,11,0,0.2938,77.95
Hyderabad,Indore,ROAD,653.6,545.1,HIGH,CLEAR,15,4,5,0,0.2078,19.46
Surat,Jaipur,RAIL,705.5,39.5,MEDIUM,RAIN,17,3,4,1,0.0714,16.1
Kochi,Bhopal,ROAD,1487.1,1464.3,MEDIUM,RAIN,16,5,7,1,0.0009,42.91
Pune,Visakhapatnam,RAIL,993.7,2897.9,MEDIUM,RAIN,12,3,7,0,0.2052,19.54
Mumbai,Surat,ROAD,232.9,367.2,HIGH,SNOW,16,0,7,0,0.0667,8.56
Delhi,Bhubaneswar,RAIL,1270.2,623.4,MEDIUM,STORM,15,4,1,0,0.0694,24.45
Bhubaneswar,Mumbai,RAIL,1361.9,3322.2,MEDIUM,CLEAR,0,4,10,0,0.1657,23.54
Bengaluru,Mumbai,RAIL,845.3,134.3,MEDIUM,RAIN,16,2,5,0,0.0093,12.61
Indore,Delhi,ROAD,669.2,224.6,LOW,RAIN,8,5,2,0,0.1249,15.07
Ahmedabad,Bhopal,RAIL,495.7,834.0,LOW,CLEAR,13,2,7,0,0.2398,6.97
Kochi,Patna,AIR,1976.9,444.6,HIGH,SNOW,6,0,8,0,0.0082,4.44
Delhi,Kolkata,ROAD,1303.8,770.7,MEDIUM,CLEAR,1,0,2,0,0.1872,31.73
Bhubaneswar,Chennai,ROAD,996.3,240.7,LOW,CLEAR,1,6,12,1,0.0475,21.13
Nagpur,Bhubaneswar,AIR,706.9,1418.2,LOW,SNOW,7,2,8,2,0.2589,9.16
Jaipur,Kochi,ROAD,1888.9,916.8,HIGH,STORM,1,2,12,0,0.1172,81.9
Kolkata,Indore,RAIL,1283.1,2119.7,MEDIUM,CLEAR,7,2,9,0,0.2436,25.26
Guwahati,Lucknow,RAIL,1076.3,1394.8,MEDIUM,SNOW,14,5,1,1,0.2171,24.16
Pune,Jaipur,ROAD,953.9,1405.3,LOW,CLEAR,11,4,3,0,0.2634,20.15
Lucknow,Mumbai,RAIL,1194.7,193.3,HIGH,CLEAR,22,6,12,0,0.1551,24.37
Ahmedabad,Chennai,RAIL,1371.8,1980.5,HIGH,CLEAR,17,6,7,0,0.1458,35.03
Kolkata,Bhubaneswar,ROAD,364.9,737.3,MEDIUM,SNOW,7,6,2,0,0.0112,11.87
Jaipur,Pune,AIR,953.9,897.9,LOW,CLEAR,11,2,1,2,0.1601,9.28
Chennai,Patna,ROAD,1481.5,3858.1,MEDIUM,CLEAR,11,4,7,2,0.1566,42.66
Mumbai,Patna,ROAD,1453.2,462.5,HIGH,RAIN,10,2,8,0,0.1819,45.77
Hyderabad,Pune,AIR,505.8,5549.3,MEDIUM,CLEAR,13,4,3,0,0.0393,6.21
Bengaluru,Kolkata,ROAD,1560.7,6206.6,HIGH,CLEAR,16,5,3,3,0.162,59.86
Jaipur,Nagpur,AIR,723.5,2706.3,MEDIUM,CLEAR,15,1,8,1,0.1362,7.08
Bhubaneswar,Delhi,ROAD,1270.2,338.1,LOW,SNOW,10,6,6,3,0.1788,41.94
Chennai,Lucknow,ROAD,1532.1,79.6,MEDIUM,RAIN,16,2,1,1,0.1982,40.77
Mumbai,Bhubaneswar,ROAD,1361.9,4002.2,HIGH,SNOW,9,6,1,0,0.1084,56.46
Bengaluru,Patna,RAIL,1610.3,1253.5,LOW,CLEAR,18,5,3,0,0.1512,24.65
Surat,Kochi,RAIL,1302.6,448.4,LOW,CLEAR,21,0,7,0,0.1185,14.9
Hyderabad,Delhi,AIR,1255.4,4484.0,MEDIUM,SNOW,9,2,4,2,0.2296,13.95
Lucknow,Chennai,AIR,1532.1,390.0,MEDIUM,CLEAR,17,2,1,0,0.2389,3.74
Mumbai,Hyderabad,RAIL,621.5,659.2,HIGH,CLEAR,18,5,11,1,0.0879,17.89
Pune,Hyderabad,RAIL,505.8,2058.8,LOW,CLEAR,12,5,9,1,0.0779,11.85
Jaipur,Chennai,RAIL,1607.1,288.2,LOW,CLEAR,6,0,8,2,0.2035,26.76
Jaipur,Guwahati,AIR,1588.0,961.6,LOW,CLEAR,17,5,3,1,0.2322,7.04
Bhopal,Chennai,RAIL,1171.1,4052.0,MEDIUM,STORM,11,1,9,0,0.0033,24.63
Kochi,Patna,AIR,1976.9,1412.8,MEDIUM,CLEAR,8,2,12,0,0.1282,5.12
Lucknow,Bhopal,ROAD,534.5,4899.6,MEDIUM,RAIN,15,1,9,1,0.0923,23.79
Visakhapatnam,Indore,ROAD,950.0,4274.1,MEDIUM,CLEAR,11,1,4,2,0.23,31.27
Surat,Kolkata,RAIL,1609.7,1106.9,LOW,RAIN,6,3,5,1,0.0431,24.63
Hyderabad,Pune,ROAD,505.8,66.4,MEDIUM,RAIN,22,0,12,1,0.2335,15.68
Kolkata,Indore,ROAD,1283.1,290.9,HIGH,STORM,8,0,1,2,0.1984,67.28
Pune,Hyderabad,AIR,505.8,2740.8,MEDIUM,CLEAR,13,5,3,0,0.2529,3.88
Bhopal,Nagpur,ROAD,291.6,170.7,LOW,SNOW,16,2,2,0,0.2971,6.85
Kolkata,Mumbai,ROAD,1654.8,741.0,MEDIUM,CLEAR,6,4,8,2,0.143,46.35
Coimbatore,Delhi,ROAD,1956.9,1646.1,LOW,RAIN,17,6,6,1,0.2098,53.48
Lucknow,Patna,ROAD,440.7,6396.4,LOW,STORM,15,0,2,2,0.213,23.48
Bhubaneswar,Indore,RAIL,1065.4,550.0,LOW,RAIN,13,5,12,0,0.2534,14.01
Nagpur,Mumbai,AIR,688.0,506.6,LOW,RAIN,13,0,7,1,0.1554,4.88
Pune,Bhubaneswar,AIR,1270.3,1029.7,LOW,SNOW,21,5,3,0,0.0323,3.31
Kolkata,Mumbai,RAIL,1654.8,1670.9,MEDIUM,STORM,19,2,12,0,0.2938,39.56
Patna,Guwahati,RAIL,663.0,911.3,LOW,CLEAR,6,0,9,0,0.0171,8.34
Pune,Patna,ROAD,1402.5,3862.7,MEDIUM,CLEAR,10,1,2,1,0.2887,38.3
Kolkata,Guwahati,AIR,523.8,420.3,HIGH,RAIN,13,2,10,0,0.0766,1.56
Coimbatore,Pune,ROAD,898.3,1266.7,MEDIUM,STORM,20,5,1,0,0.1477,33.0
Lucknow,Kochi,ROAD,1944.0,1871.1,MEDIUM,CLEAR,18,4,11,0,0.2852,53.19
Mumbai,Kolkata,AIR,1654.8,678.4,MEDIUM,CLEAR,10,5,5,0,0.203,4.28
Lucknow,Kolkata,AIR,887.0,3003.9,LOW,RAIN,19,0,4,1,0.1757,8.05
Lucknow,Bhubaneswar,ROAD,881.6,1311.3,MEDIUM,CLEAR,10,6,1,1,0.0978,25.4
Bhubaneswar,Jaipur,RAIL,1258.9,2826.0,MEDIUM,CLEAR,8,3,12,1,0.0877,26.58
Patna,Delhi,ROAD,853.4,1384.3,HIGH,CLEAR,15,0,7,0,0.0098,25.01
Chennai,Pune,ROAD,914.4,1722.8,HIGH,CLEAR,10,6,8,0,0.1759,27.42
Chennai,Kochi,ROAD,559.5,513.4,HIGH,RAIN,15,5,11,0,0.129,19.38
Indore,Surat,ROAD,356.5,514.4,MEDIUM,CLEAR,11,0,7,1,0.0673,11.49
Mumbai,Bhopal,RAIL,661.4,4766.1,MEDIUM,CLEAR,17,3,4,2,0.1153,21.98
Pune,Jaipur,ROAD,953.9,2351.0,HIGH,RAIN,21,6,10,0,0.2823,39.23
Bengaluru,Hyderabad,RAIL,500.0,321.3,HIGH,CLEAR,8,4,7,2,0.2545,18.03
Mumbai,Bhopal,ROAD,661.4,1362.4,MEDIUM,CLEAR,13,1,3,0,0.1291,16.28
Coimbatore,Indore,AIR,1306.5,63.5,HIGH,CLEAR,16,4,11,1,0.294,6.21
Delhi,Bhubaneswar,RAIL,1270.2,550.7,HIGH,CLEAR,7,1,10,1,0.1386,35.51
Mumbai,Indore,AIR,509.8,3474.6,MEDIUM,RAIN,17,2,3,1,0.1047,7.8
Coimbatore,Guwahati,ROAD,2288.2,943.7,LOW,CLEAR,14,1,8,1,0.1164,39.37
Chennai,Visakhapatnam,RAIL,601.6,1263.3,LOW,CLEAR,7,4,12,0,0.2624,10.04
Visakhapatnam,Delhi,AIR,1360.9,29.4,MEDIUM,CLEAR,18,6,10,1,0.0803,5.6
Mumbai,Ahmedabad,ROAD,440.0,684.9,LOW,CLEAR,11,0,3,0,0.0666,7.47
Chennai,Ahmedabad,ROAD,1371.8,1645.7,MEDIUM,CLEAR,7,4,11,1,0.2882,45.7
Bengaluru,Mumbai,ROAD,845.3,1916.7,MEDIUM,CLEAR,7,1,1,0,0.2203,26.35
Patna,Chennai,ROAD,1481.5,3480.1,HIGH,CLEAR,17,5,8,0,0.2291,54.41
Indore,Kochi,ROAD,1422.7,852.1,HIGH,CLEAR,20,0,7,2,0.2221,47.56
Lucknow,Ahmedabad,ROAD,945.1,898.9,MEDIUM,SNOW,10,2,1,0,0.2049,28.33
Kolkata,Bengaluru,ROAD,1560.7,221.7,MEDIUM,CLEAR,5,1,9,0,0.0274,32.87
Delhi,Hyderabad,RAIL,1255.4,858.0,LOW,CLEAR,6,6,4,0,0.2261,16.97
Bhopal,Hyderabad,ROAD,662.8,241.3,MEDIUM,RAIN,15,0,11,1,0.0747,18.76
Kolkata,Chennai,ROAD,1358.4,119.4,LOW,CLEAR,10,4,11,1,0.0397,25.68
Bhopal,Bengaluru,RAIL,1144.2,298.2,MEDIUM,SNOW,11,0,8,2,0.2949,25.27
Nagpur,Kochi,ROAD,1283.0,6703.7,HIGH,CLEAR,10,4,8,1,0.0084,48.05
Visakhapatnam,Lucknow,ROAD,1044.9,792.6,MEDIUM,CLEAR,12,5,1,0,0.0095,26.13
Lucknow,Indore,ROAD,688.7,1427.7,MEDIUM,STORM,15,5,11,0,0.093,25.34
Mumbai,Coimbatore,ROAD,997.2,592.2,MEDIUM,CLEAR,13,0,9,0,0.2533,24.26
Hyderabad,Visakhapatnam,ROAD,502.8,127.9,HIGH,CLEAR,7,5,5,1,0.2934,22.24
Bhubaneswar,Mumbai,ROAD,1361.9,3372.3,MEDIUM,RAIN,12,2,2,3,0.0356,45.24
Surat,Guwahati,ROAD,2001.1,80.9,MEDIUM,STORM,12,4,7,0,0.1186,72.9
Indore,Delhi,AIR,669.2,563.5,LOW,CLEAR,13,6,11,0,0.2203,1.91
Lucknow,Mumbai,AIR,1194.7,1027.1,MEDIUM,RAIN,6,0,11,1,0.1937,7.31
Chennai,Jaipur,ROAD,1607.1,1446.0,LOW,CLEAR,7,2,2,1,0.07,35.98
Bhubaneswar,Patna,ROAD,593.3,458.6,MEDIUM,RAIN,13,6,10,1,0.0988,17.74
Kochi,Delhi,ROAD,2079.7,120.8,MEDIUM,CLEAR,9,0,1,0,0.1783,61.21
Guwahati,Hyderabad,AIR,1677.6,419.3,LOW,RAIN,15,1,5,0,0.0106,4.81
Bhubaneswar,Hyderabad,AIR,837.2,446.5,MEDIUM,CLEAR,10,3,6,0,0.2275,2.29
Hyderabad,Ahmedabad,ROAD,879.5,433.7,LOW,RAIN,8,6,1,0,0.0826,20.97
Hyderabad,Guwahati,ROAD,1677.6,3512.5,LOW,CLEAR,15,2,2,1,0.2485,37.05
Kolkata,Pune,ROAD,1575.4,255.6,LOW,RAIN,11,2,11,0,0.2051,31.34
Coimbatore,Kolkata,AIR,1766.1,1573.7,LOW,RAIN,7,5,8,0,0.1936,5.64
Bhopal,Bengaluru,AIR,1144.2,1326.0,HIGH,SNOW,17,0,10,3,0.2302,12.16
Lucknow,Chennai,ROAD,1532.1,3472.2,HIGH,STORM,11,2,7,1,0.0225,78.5
Guwahati,Bengaluru,RAIL,2080.0,934.7,MEDIUM,CLEAR,20,2,6,0,0.078,31.82
Indore,Bhopal,ROAD,170.1,2833.8,MEDIUM,RAIN,7,2,1,2,0.1565,13.75
Coimbatore,Jaipur,RAIL,1771.7,891.9,MEDIUM,CLEAR,19,4,7,0,0.2331,31.29
Guwahati,Lucknow,AIR,1076.3,1846.9,HIGH,STORM,18,1,10,1,0.2547,8.21
Delhi,Visakhapatnam,ROAD,1360.9,180.6,MEDIUM,RAIN,6,2,3,0,0.1146,31.36
Ahmedabad,Bhopal,ROAD,495.7,46.3,LOW,CLEAR,13,6,6,2,0.2381,15.1
Patna,Chennai,RAIL,1481.5,1725.1,MEDIUM,CLEAR,15,5,5,0,0.0661,23.25
Visakhapatnam,Ahmedabad,ROAD,1257.9,1839.8,HIGH,SNOW,13,6,11,0,0.0247,52.04
Bengaluru,Pune,AIR,735.2,1940.3,LOW,SNOW,10,4,2,3,0.074,11.5
Pune,Visakhapatnam,ROAD,993.7,584.1,MEDIUM,SNOW,21,4,2,1,0.2709,30.81
Surat,Pune,AIR,313.6,6552.9,LOW,RAIN,16,1,3,0,0.1632,6.58
Kochi,Bengaluru,ROAD,367.7,631.5,LOW,CLEAR,21,1,2,0,0.1444,6.88
Bengaluru,Patna,ROAD,1610.3,1817.2,MEDIUM,STORM,18,3,11,0,0.223,63.5
Indore,Jaipur,ROAD,466.3,2238.5,LOW,RAIN,18,2,4,0,0.003,12.67
Hyderabad,Delhi,ROAD,1255.4,8625.6,HIGH,RAIN,16,5,5,1,0.0355,52.49
Kolkata,Nagpur,ROAD,970.1,749.6,MEDIUM,RAIN,15,0,4,0,0.0299,23.62
Surat,Kolkata,RAIL,1609.7,500.8,LOW,RAIN,19,6,10,2,0.0365,29.95
Jaipur,Bhubaneswar,ROAD,1258.9,181.7,HIGH,RAIN,15,1,8,1,0.136,42.87
Indore,Visakhapatnam,ROAD,950.0,7064.5,MEDIUM,RAIN,5,2,6,2,0.0842,40.76
Pune,Ahmedabad,ROAD,518.1,1818.4,MEDIUM,SNOW,14,2,10,1,0.2357,19.28
Visakhapatnam,Bhopal,ROAD,865.7,1888.8,MEDIUM,SNOW,6,6,1,0,0.2517,28.91
Delhi,Bhopal,AIR,595.7,46168.1,HIGH,CLEAR,21,5,9,1,0.2775,52.61
Bhubaneswar,Nagpur,AIR,706.9,1619.8,MEDIUM,CLEAR,15,0,5,0,0.0588,2.98
Mumbai,Delhi,ROAD,1148.1,229.8,LOW,RAIN,14,5,5,0,0.1509,23.97
Patna,Pune,RAIL,1402.5,866.9,LOW,RAIN,7,4,2,2,0.0146,25.15
Pune,Chennai,RAIL,914.4,340.4,LOW,RAIN,13,0,2,1,0.072,14.57
Ahmedabad,Nagpur,AIR,703.1,682.0,MEDIUM,SNOW,10,5,9,0,0.1845,2.3
Mumbai,Delhi,ROAD,1148.1,676.5,LOW,CLEAR,16,0,11,0,0.1267,20.88
Patna,Surat,ROAD,1348.1,542.2,MEDIUM,CLEAR,14,2,11,0,0.2072,30.23
Chennai,Patna,ROAD,1481.5,206.0,MEDIUM,SNOW,13,1,3,1,0.2518,50.77
Nagpur,Coimbatore,AIR,1149.0,7413.1,HIGH,STORM,8,0,10,0,0.0179,10.96
Patna,Hyderabad,RAIL,1142.6,1569.7,MEDIUM,CLEAR,13,3,2,2,0.2816,23.81
Visakhapatnam,Mumbai,ROAD,1101.9,836.7,HIGH,CLEAR,12,4,10,1,0.0127,34.43
Patna,Mumbai,ROAD,1453.2,2722.1,HIGH,CLEAR,18,3,7,0,0.2945,49.43
Pune,Delhi,RAIL,1173.0,1930.0,LOW,CLEAR,19,2,11,1,0.1913,21.97
Patna,Guwahati,AIR,663.0,1526.6,MEDIUM,RAIN,17,3,1,2,0.013,9.05
Visakhapatnam,Bhubaneswar,ROAD,399.0,2494.9,LOW,CLEAR,9,1,10,2,0.1181,16.54
Pune,Patna,RAIL,1402.5,1287.8,HIGH,CLEAR,2,0,6,0,0.0775,27.19
Bengaluru,Visakhapatnam,ROAD,799.0,2451.0,MEDIUM,RAIN,20,1,7,0,0.2396,22.72
Bhubaneswar,Delhi,ROAD,1270.2,2707.4,LOW,RAIN,23,0,7,1,0.0676,30.88
Bengaluru,Delhi,RAIL,1739.8,1333.1,LOW,RAIN,6,5,9,2,0.2479,32.68
Bhopal,Pune,RAIL,643.5,841.8,MEDIUM,CLEAR,16,4,8,3,0.0937,20.3
Kolkata,Mumbai,AIR,1654.8,6880.7,HIGH,CLEAR,11,1,5,0,0.2967,9.85
Bengaluru,Bhubaneswar,ROAD,1196.1,618.0,MEDIUM,CLEAR,7,3,6,1,0.0811,33.91
Kochi,Delhi,ROAD,2079.7,1753.9,LOW,STORM,23,3,1,0,0.2055,58.03
Bengaluru,Surat,ROAD,1042.5,1802.1,LOW,CLEAR,20,0,9,0,0.2401,20.48
Nagpur,Bhubaneswar,ROAD,706.9,527.7,MEDIUM,RAIN,22,6,9,0,0.0649,17.06
Nagpur,Patna,ROAD,790.9,416.0,MEDIUM,RAIN,7,6,7,0,0.0227,21.83
Delhi,Kolkata,ROAD,1303.8,717.2,LOW,SNOW,12,5,9,1,0.1654,36.59
Chennai,Lucknow,ROAD,1532.1,607.5,LOW,CLEAR,19,5,4,0,0.2031,32.01
Kochi,Surat,ROAD,1302.6,190.6,HIGH,CLEAR,16,3,3,1,0.2452,42.86
Surat,Kochi,ROAD,1302.6,501.8,MEDIUM,SNOW,11,5,12,1,0.0818,41.11
Bengaluru,Jaipur,RAIL,1561.5,1509.4,MEDIUM,CLEAR,13,3,12,0,0.2617,26.13
Guwahati,Hyderabad,ROAD,1677.6,5009.7,MEDIUM,RAIN,2,1,11,1,0.2747,51.0
Hyderabad,Kochi,RAIL,862.8,2133.0,MEDIUM,CLEAR,15,1,1,0,0.2338,16.34
Mumbai,Bhubaneswar,AIR,1361.9,48.5,MEDIUM,STORM,18,5,7,0,0.0023,3.87
Coimbatore,Lucknow,RAIL,1809.1,2367.4,LOW,RAIN,0,3,9,3,0.0262,31.71
Mumbai,Surat,ROAD,232.9,561.3,LOW,CLEAR,7,5,1,0,0.2993,5.84
Bhopal,Bhubaneswar,ROAD,928.8,1888.8,HIGH,SNOW,13,1,12,0,0.2202,34.16
Guwahati,Jaipur,RAIL,1588.0,1078.2,HIGH,RAIN,14,3,10,1,0.188,38.12
Bhopal,Chennai,RAIL,1171.1,870.2,MEDIUM,RAIN,10,0,4,0,0.2704,19.7
Bhopal,Visakhapatnam,ROAD,865.7,970.0,LOW,CLEAR,1,1,7,0,0.0119,15.0
Ahmedabad,Coimbatore,ROAD,1413.7,1067.5,LOW,CLEAR,17,0,11,1,0.2272,34.71
Bengaluru,Delhi,RAIL,1739.8,5504.3,LOW,RAIN,8,1,11,1,0.1964,33.06
Bhopal,Hyderabad,ROAD,662.8,1071.1,HIGH,CLEAR,15,4,10,1,0.2545,23.83
Bhubaneswar,Lucknow,RAIL,881.6,4034.5,HIGH,SNOW,14,0,12,2,0.2334,32.1
Delhi,Bhubaneswar,ROAD,1270.2,3387.6,MEDIUM,CLEAR,11,1,9,0,0.1455,30.87
Bhubaneswar,Bengaluru,ROAD,1196.1,2441.7,HIGH,RAIN,14,4,12,0,0.0213,40.93
Jaipur,Nagpur,AIR,723.5,128.5,LOW,CLEAR,16,1,12,0,0.2728,1.86
Surat,Coimbatore,ROAD,1211.7,4187.9,MEDIUM,RAIN,14,3,1,0,0.2291,37.44
Chennai,Nagpur,RAIL,905.3,633.0,LOW,CLEAR,14,6,8,3,0.1069,22.99
Indore,Kochi,ROAD,1422.7,2588.6,LOW,CLEAR,11,5,5,1,0.2952,32.89
Chennai,Hyderabad,ROAD,515.2,341.4,HIGH,CLEAR,11,0,6,0,0.0933,14.67
Hyderabad,Visakhapatnam,AIR,502.8,264.5,HIGH,RAIN,12,1,3,0,0.1112,1.54
Patna,Jaipur,ROAD,943.7,11750.7,LOW,CLEAR,12,4,9,0,0.2924,31.18
Delhi,Ahmedabad,ROAD,775.7,347.8,LOW,SNOW,11,2,11,1,0.2004,19.98
Jaipur,Pune,AIR,953.9,4338.7,MEDIUM,CLEAR,8,2,5,0,0.2638,6.66
Bhopal,Surat,RAIL,525.7,1264.1,LOW,RAIN,16,3,9,2,0.2663,16.11
Bengaluru,Hyderabad,RAIL,500.0,662.4,MEDIUM,RAIN,7,4,4,0,0.1609,9.88
Hyderabad,Lucknow,ROAD,1082.1,1039.2,MEDIUM,CLEAR,19,3,9,0,0.0801,30.05
Pune,Jaipur,ROAD,953.9,230.1,LOW,CLEAR,15,0,1,2,0.2542,26.05
Nagpur,Pune,RAIL,620.1,1078.7,LOW,CLEAR,3,0,11,2,0.1506,16.3
Guwahati,Nagpur,ROAD,1402.1,299.1,LOW,RAIN,15,0,5,0,0.1693,28.33
Visakhapatnam,Pune,ROAD,993.7,682.3,HIGH,STORM,10,1,7,0,0.1624,47.03
Chennai,Kochi,RAIL,559.5,3328.8,LOW,CLEAR,20,5,10,2,0.0029,15.24
Mumbai,Hyderabad,ROAD,621.5,1487.8,MEDIUM,RAIN,20,6,1,1,0.0138,20.14
Delhi,Bhubaneswar,ROAD,1270.2,185.2,LOW,RAIN,18,3,12,1,0.1849,31.21
Bhopal,Ahmedabad,ROAD,495.7,3046.6,MEDIUM,RAIN,14,0,8,1,0.2383,17.07
Chennai,Mumbai,ROAD,1033.1,1087.3,LOW,RAIN,20,0,12,2,0.1371,25.03
Kolkata,Bengaluru,RAIL,1560.7,572.1,LOW,STORM,15,5,7,1,0.0571,28.33
Visakhapatnam,Bhubaneswar,AIR,399.0,2686.5,MEDIUM,RAIN,19,2,3,0,0.122,3.74
Bhubaneswar,Kolkata,ROAD,364.9,897.3,MEDIUM,SNOW,7,6,7,0,0.2305,12.83
Visakhapatnam,Indore,ROAD,950.0,270.8,LOW,CLEAR,19,3,7,1,0.0326,23.43
Hyderabad,Bhopal,RAIL,662.8,10070.6,LOW,SNOW,15,6,12,0,0.1681,18.5
Indore,Bengaluru,ROAD,1099.4,1074.1,HIGH,STORM,9,0,7,0,0.2107,57.47
Indore,Lucknow,ROAD,688.7,994.6,LOW,STORM,23,6,5,1,0.1247,22.32
Chennai,Nagpur,AIR,905.3,674.4,LOW,CLEAR,16,3,3,0,0.1804,2.66
Bhopal,Guwahati,RAIL,1481.2,4518.6,MEDIUM,SNOW,19,3,4,3,0.265,45.97
Surat,Visakhapatnam,ROAD,1155.7,584.1,LOW,CLEAR,0,3,7,0,0.0638,21.23
Ahmedabad,Delhi,AIR,775.7,171.7,MEDIUM,RAIN,14,2,5,1,0.0405,5.16
Kochi,Kolkata,ROAD,1906.4,485.7,MEDIUM,CLEAR,16,4,5,1,0.0183,46.39
Nagpur,Jaipur,AIR,723.5,5389.1,MEDIUM,RAIN,0,5,1,0,0.2179,6.75
Surat,Chennai,RAIL,1196.8,2976.7,MEDIUM,CLEAR,17,5,12,0,0.2702,27.1
Patna,Bhopal,RAIL,823.9,807.5,MEDIUM,CLEAR,15,6,11,0,0.2071,13.5
Kochi,Mumbai,AIR,1080.2,5698.2,MEDIUM,CLEAR,8,2,4,1,0.2929,11.12
Bhopal,Bengaluru,RAIL,1144.2,2690.6,LOW,CLEAR,16,5,2,1,0.2124,20.03
Hyderabad,Mumbai,ROAD,621.5,796.4,LOW,CLEAR,7,6,11,0,0.0865,13.99
Kochi,Hyderabad,ROAD,862.8,898.7,MEDIUM,SNOW,18,0,11,0,0.0767,27.64
Patna,Kochi,RAIL,1976.9,1628.1,LOW,RAIN,18,3,11,3,0.2,39.04
Guwahati,Chennai,RAIL,1882.2,404.1,LOW,SNOW,12,4,7,0,0.2027,28.72
Bengaluru,Guwahati,ROAD,2080.0,1102.6,LOW,SNOW,13,3,9,2,0.1571,49.72
Jaipur,Hyderabad,RAIL,1095.1,1588.0,MEDIUM,CLEAR,11,0,9,0,0.1581,18.37
Coimbatore,Mumbai,RAIL,997.2,144.8,LOW,RAIN,10,4,3,0,0.125,11.78
Surat,Pune,ROAD,313.6,873.8,MEDIUM,RAIN,19,2,7,1,0.105,13.17
Coimbatore,Patna,ROAD,1835.2,762.3,MEDIUM,CLEAR,9,4,4,0,0.1902,47.6
Mumbai,Bengaluru,ROAD,845.3,3765.7,MEDIUM,RAIN,11,0,10,2,0.2243,31.55
Mumbai,Delhi,ROAD,1148.1,119.9,LOW,RAIN,9,0,12,1,0.244,27.7
Kochi,Visakhapatnam,ROAD,1142.8,693.8,HIGH,RAIN,15,4,1,1,0.0924,42.79
Ahmedabad,Bhopal,ROAD,495.7,615.2,LOW,RAIN,18,6,1,1,0.2573,15.71
Surat,Pune,ROAD,313.6,3470.6,HIGH,CLEAR,7,4,4,1,0.0908,17.04
Jaipur,Kochi,ROAD,1888.9,1040.8,MEDIUM,SNOW,8,6,2,1,0.0915,70.04
Jaipur,Visakhapatnam,RAIL,1278.6,9464.6,LOW,CLEAR,6,5,1,1,0.2418,27.28
Coimbatore,Ahmedabad,ROAD,1413.7,2427.6,MEDIUM,SNOW,7,1,12,2,0.2908,54.17
Delhi,Bhopal,AIR,595.7,670.3,MEDIUM,CLEAR,11,0,7,1,0.2797,5.07
Kochi,Mumbai,AIR,1080.2,1462.0,MEDIUM,CLEAR,17,3,10,0,0.0333,3.34
Bhubaneswar,Pune,RAIL,1270.3,717.0,MEDIUM,CLEAR,13,4,7,0,0.0865,18.05
Nagpur,Bhopal,AIR,291.6,3075.7,MEDIUM,CLEAR,3,5,9,0,0.228,3.57
Ahmedabad,Chennai,AIR,1371.8,221.7,MEDIUM,CLEAR,15,3,9,0,0.2419,3.11
Chennai,Guwahati,ROAD,1882.2,408.1,HIGH,CLEAR,17,6,2,0,0.1513,66.02
Nagpur,Guwahati,RAIL,1402.1,1894.7,LOW,RAIN,11,5,2,0,0.0048,19.61
Lucknow,Hyderabad,ROAD,1082.1,4773.8,MEDIUM,STORM,8,4,6,0,0.1506,48.32
Bengaluru,Ahmedabad,RAIL,1237.0,78.1,MEDIUM,CLEAR,17,3,5,2,0.0093,29.1
Ahmedabad,Chennai,ROAD,1371.8,5706.5,MEDIUM,RAIN,1,0,11,1,0.0844,42.32
Guwahati,Surat,ROAD,2001.1,926.9,MEDIUM,SNOW,18,5,4,0,0.1971,70.19
Hyderabad,Bengaluru,ROAD,500.0,114.4,LOW,CLEAR,17,4,4,2,0.0404,15.85
Chennai,Ahmedabad,AIR,1371.8,29.9,MEDIUM,SNOW,19,6,7,2,0.2137,9.35
Nagpur,Bhopal,ROAD,291.6,175.0,LOW,CLEAR,6,0,3,2,0.1864,11.72
Chennai,Indore,ROAD,1168.6,1071.0,LOW,CLEAR,6,1,11,0,0.1289,22.81
Coimbatore,Bhopal,ROAD,1362.2,1013.3,MEDIUM,CLEAR,19,4,1,0,0.1116,37.88
Bhubaneswar,Kolkata,ROAD,364.9,2344.5,LOW,CLEAR,12,3,11,0,0.2744,9.5
Guwahati,Kochi,AIR,2429.0,567.1,LOW,RAIN,11,4,8,1,0.166,10.28
Coimbatore,Nagpur,RAIL,1149.0,290.1,LOW,SNOW,14,3,11,1,0.2667,19.7
Kolkata,Kochi,ROAD,1906.4,668.0,MEDIUM,CLEAR,4,4,4,1,0.1237,45.5
Kolkata,Lucknow,ROAD,887.0,1141.8,HIGH,STORM,15,4,11,1,0.1784,42.19
Pune,Bhubaneswar,ROAD,1270.3,1446.5,MEDIUM,CLEAR,21,1,11,2,0.2864,37.8
Lucknow,Ahmedabad,ROAD,945.1,425.4,LOW,CLEAR,16,5,6,1,0.0372,19.16
Bhubaneswar,Visakhapatnam,AIR,399.0,3234.8,HIGH,SNOW,12,3,4,2,0.0788,9.79
Patna,Kolkata,RAIL,469.2,520.3,LOW,SNOW,21,4,3,2,0.275,12.48
Indore,Kolkata,ROAD,1283.1,386.2,HIGH,RAIN,16,4,2,0,0.1266,42.45
Bhubaneswar,Surat,RAIL,1354.3,572.0,MEDIUM,CLEAR,3,5,7,2,0.0816,28.22
Indore,Bhopal,ROAD,170.1,3983.1,LOW,CLEAR,16,2,12,0,0.2992,6.6
Ahmedabad,Patna,RAIL,1304.5,935.1,MEDIUM,CLEAR,4,0,7,0,0.0307,19.35
Jaipur,Hyderabad,RAIL,1095.1,476.6,LOW,SNOW,9,1,12,3,0.1835,29.12
Surat,Bhubaneswar,RAIL,1354.3,3332.0,MEDIUM,CLEAR,15,6,10,0,0.2364,26.46
Delhi,Pune,RAIL,1173.0,14347.0,LOW,RAIN,8,1,9,0,0.236,32.34
Patna,Surat,AIR,1348.1,1410.4,HIGH,CLEAR,2,1,9,3,0.1326,12.84
Nagpur,Coimbatore,ROAD,1149.0,4820.4,MEDIUM,CLEAR,15,6,12,0,0.0132,31.53
Patna,Surat,ROAD,1348.1,3802.0,HIGH,CLEAR,9,1,11,0,0.2523,50.53
Surat,Nagpur,ROAD,648.8,530.2,HIGH,RAIN,13,3,2,0,0.2408,21.17
Kochi,Coimbatore,RAIL,142.3,1132.2,LOW,RAIN,8,2,8,1,0.0712,5.95
Coimbatore,Guwahati,RAIL,2288.2,235.3,MEDIUM,STORM,16,4,6,0,0.1022,43.45
Bhopal,Lucknow,RAIL,534.5,857.5,HIGH,SNOW,19,4,11,0,0.1538,13.57
Jaipur,Chennai,RAIL,1607.1,517.3,LOW,RAIN,5,3,3,2,0.0342,23.88
Bengaluru,Surat,ROAD,1042.5,676.2,LOW,CLEAR,17,3,10,0,0.2462,22.57
Kochi,Coimbatore,RAIL,142.3,445.9,LOW,STORM,7,5,6,1,0.2766,5.89
Coimbatore,Lucknow,RAIL,1809.1,777.0,LOW,SNOW,9,4,12,0,0.0925,27.86
Nagpur,Pune,ROAD,620.1,2077.0,HIGH,SNOW,10,3,10,1,0.2772,26.19
Bhubaneswar,Bengaluru,ROAD,1196.1,950.1,MEDIUM,CLEAR,8,6,5,1,0.2403,39.15
Bhubaneswar,Ahmedabad,ROAD,1402.2,117.1,MEDIUM,CLEAR,5,0,11,0,0.2183,36.49
Kochi,Kolkata,ROAD,1906.4,447.9,HIGH,SNOW,17,5,3,0,0.2907,91.04
Surat,Guwahati,RAIL,2001.1,177.1,LOW,CLEAR,17,1,1,0,0.0974,28.35
Delhi,Surat,AIR,937.9,1469.8,MEDIUM,CLEAR,23,2,7,0,0.2747,3.72
Mumbai,Bengaluru,RAIL,845.3,2006.2,LOW,CLEAR,20,0,5,0,0.0295,11.69
Kolkata,Delhi,ROAD,1303.8,1492.0,LOW,RAIN,11,3,2,0,0.1434,27.07
Jaipur,Bhubaneswar,RAIL,1258.9,426.3,LOW,CLEAR,7,5,12,0,0.1656,17.63
Patna,Coimbatore,RAIL,1835.2,1474.7,LOW,RAIN,0,2,1,0,0.0368,24.06
Lucknow,Kochi,ROAD,1944.0,623.8,MEDIUM,RAIN,13,4,8,0,0.2212,52.13
Mumbai,Bengaluru,AIR,845.3,279.8,MEDIUM,RAIN,18,2,4,2,0.1426,8.15
Kolkata,Delhi,ROAD,1303.8,2671.3,LOW,CLEAR,8,5,4,0,0.1367,31.19
Guwahati,Chennai,ROAD,1882.2,2926.7,LOW,STORM,7,6,3,1,0.1744,63.21
Guwahati,Kochi,ROAD,2429.0,3424.4,MEDIUM,CLEAR,11,5,5,1,0.0404,60.53
Ahmedabad,Kochi,ROAD,1507.8,528.5,LOW,CLEAR,19,2,9,0,0.06,31.35
Visakhapatnam,Delhi,AIR,1360.9,4515.3,HIGH,CLEAR,12,5,4,0,0.0542,7.47
Patna,Chennai,ROAD,1481.5,606.5,HIGH,CLEAR,16,0,9,0,0.2856,45.57
Coimbatore,Patna,ROAD,1835.2,2402.3,MEDIUM,RAIN,12,6,6,1,0.232,53.92
Bhubaneswar,Bengaluru,ROAD,1196.1,594.0,MEDIUM,CLEAR,10,5,10,0,0.1588,29.64
Indore,Delhi,ROAD,669.2,838.2,MEDIUM,SNOW,11,4,6,0,0.1978,18.22
Ahmedabad,Delhi,ROAD,775.7,60.0,MEDIUM,CLEAR,17,4,5,2,0.195,25.64
Indore,Nagpur,ROAD,376.4,763.3,HIGH,STORM,17,1,7,1,0.0787,20.99
Pune,Visakhapatnam,RAIL,993.7,1223.3,HIGH,RAIN,11,3,9,0,0.026,21.09
Pune,Indore,ROAD,511.2,670.4,MEDIUM,CLEAR,8,0,6,2,0.1665,21.21
Indore,Hyderabad,RAIL,653.6,9022.0,MEDIUM,RAIN,7,2,11,0,0.0789,21.2
Bhopal,Kochi,ROAD,1487.1,271.8,HIGH,CLEAR,0,4,7,0,0.262,44.49
Bhopal,Delhi,RAIL,595.7,557.6,LOW,STORM,6,2,4,0,0.0708,9.06
Ahmedabad,Visakhapatnam,AIR,1257.9,370.2,MEDIUM,SNOW,7,5,1,2,0.1719,8.88
Jaipur,Bhubaneswar,ROAD,1258.9,557.5,MEDIUM,RAIN,16,5,5,0,0.126,36.72
Mumbai,Patna,ROAD,1453.2,3780.8,MEDIUM,CLEAR,18,3,1,1,0.2229,45.84
Indore,Bhubaneswar,AIR,1065.4,6461.6,LOW,STORM,16,2,1,1,0.2852,12.88
Bhopal,Lucknow,ROAD,534.5,473.0,LOW,RAIN,16,2,5,1,0.1235,12.36
Coimbatore,Pune,RAIL,898.3,460.5,LOW,RAIN,23,3,4,0,0.0133,10.36
Surat,Coimbatore,ROAD,1211.7,273.5,MEDIUM,CLEAR,21,5,11,0,0.1984,29.78
Lucknow,Nagpur,ROAD,661.4,5258.2,HIGH,CLEAR,8,0,9,1,0.0388,29.27
Delhi,Chennai,RAIL,1755.8,4209.9,HIGH,RAIN,7,3,10,0,0.0314,44.86
Chennai,Guwahati,AIR,1882.2,965.7,LOW,RAIN,7,3,7,1,0.1985,8.72
Pune,Delhi,ROAD,1173.0,205.3,LOW,SNOW,19,2,2,0,0.0308,29.47
Ahmedabad,Bhopal,RAIL,495.7,228.6,MEDIUM,RAIN,6,1,11,1,0.0386,9.84
Ahmedabad,Chennai,RAIL,1371.8,1345.8,MEDIUM,RAIN,10,5,6,1,0.1317,25.69
Ahmedabad,Nagpur,ROAD,703.1,2120.1,MEDIUM,CLEAR,13,3,6,1,0.1357,21.04
Kochi,Jaipur,ROAD,1888.9,91.9,LOW,SNOW,15,4,8,0,0.2741,42.34
Bengaluru,Jaipur,ROAD,1561.5,745.8,LOW,CLEAR,14,0,2,0,0.0828,27.42
Pune,Nagpur,ROAD,620.1,7646.1,MEDIUM,SNOW,17,1,6,0,0.1203,27.73
Chennai,Kochi,RAIL,559.5,844.7,MEDIUM,CLEAR,14,1,8,0,0.2123,9.23
Pune,Ahmedabad,ROAD,518.1,6552.3,LOW,RAIN,18,2,9,1,0.2481,21.75
Nagpur,Guwahati,ROAD,1402.1,2389.5,HIGH,SNOW,5,5,7,0,0.1047,57.27
Mumbai,Lucknow,RAIL,1194.7,298.5,MEDIUM,SNOW,18,4,12,0,0.1893,24.46
Pune,Chennai,RAIL,914.4,771.9,HIGH,CLEAR,14,6,12,0,0.1873,20.57
Mumbai,Kolkata,RAIL,1654.8,939.7,MEDIUM,RAIN,8,2,2,0,0.091,27.31
Guwahati,Nagpur,RAIL,1402.1,349.7,MEDIUM,CLEAR,22,5,1,1,0.0356,24.16
Patna,Surat,ROAD,1348.1,342.5,HIGH,CLEAR,20,1,7,1,0.2048,45.8
Kolkata,Pune,RAIL,1575.4,6688.3,HIGH,SNOW,18,5,10,0,0.0804,46.61
Chennai,Lucknow,ROAD,1532.1,339.4,HIGH,SNOW,19,4,7,0,0.0955,60.76
Delhi,Visakhapatnam,ROAD,1360.9,4000.3,HIGH,CLEAR,10,0,3,1,0.1717,47.21
Lucknow,Bhopal,ROAD,534.5,649.5,MEDIUM,STORM,8,4,7,1,0.0482,23.82
Kochi,Delhi,RAIL,2079.7,1063.4,LOW,CLEAR,7,3,12,2,0.0724,33.55
Bhopal,Mumbai,RAIL,661.4,2152.1,LOW,STORM,19,0,3,2,0.1338,21.44
Bhubaneswar,Lucknow,ROAD,881.6,534.7,HIGH,SNOW,18,5,6,2,0.2635,46.83
Pune,Jaipur,AIR,953.9,2167.8,LOW,STORM,22,3,8,2,0.2317,10.56
Hyderabad,Bhubaneswar,AIR,837.2,94.1,MEDIUM,SNOW,18,4,5,2,0.0953,7.36
Lucknow,Bhopal,ROAD,534.5,1858.7,HIGH,STORM,15,4,1,1,0.0906,28.55
Kolkata,Kochi,RAIL,1906.4,56.7,HIGH,RAIN,7,0,9,1,0.2962,47.37
Guwahati,Bhopal,ROAD,1481.2,835.3,HIGH,CLEAR,7,2,9,1,0.196,60.38
Chennai,Pune,AIR,914.4,3056.7,MEDIUM,CLEAR,12,4,8,0,0.2057,5.18
Lucknow,Nagpur,ROAD,661.4,2314.0,MEDIUM,SNOW,17,2,8,0,0.0165,23.65
Surat,Indore,ROAD,356.5,230.9,HIGH,CLEAR,7,6,8,2,0.0315,18.75
Delhi,Patna,ROAD,853.4,269.5,LOW,STORM,20,2,4,1,0.0883,26.65
Lucknow,Chennai,ROAD,1532.1,479.9,LOW,CLEAR,16,3,1,0,0.2526,25.74
Lucknow,Indore,RAIL,688.7,1371.2,HIGH,SNOW,9,3,12,0,0.2732,18.44
Hyderabad,Kochi,ROAD,862.8,95.7,MEDIUM,CLEAR,19,0,3,0,0.0573,23.14
Bengaluru,Kochi,ROAD,367.7,1079.4,MEDIUM,SNOW,14,5,10,0,0.2143,13.11
Mumbai,Indore,RAIL,509.8,1593.5,LOW,STORM,16,0,7,1,0.2622,11.92
Mumbai,Coimbatore,AIR,997.2,780.8,MEDIUM,CLEAR,10,3,7,1,0.2637,5.49
Lucknow,Surat,RAIL,1037.7,2059.8,HIGH,RAIN,11,6,1,0,0.1376,24.67
Delhi,Mumbai,ROAD,1148.1,1434.4,MEDIUM,CLEAR,0,6,12,0,0.0776,28.98
Guwahati,Indore,ROAD,1650.8,572.5,MEDIUM,SNOW,13,1,7,0,0.2869,49.59
Kolkata,Kochi,ROAD,1906.4,107.4,MEDIUM,SNOW,17,2,10,0,0.083,60.62
Nagpur,Bengaluru,AIR,922.7,1287.0,HIGH,CLEAR,21,3,10,0,0.0758,2.91
Nagpur,Bengaluru,RAIL,922.7,349.4,HIGH,CLEAR,19,4,2,1,0.0617,23.26
Lucknow,Hyderabad,RAIL,1082.1,547.8,MEDIUM,CLEAR,6,1,12,0,0.1598,16.95
Bhubaneswar,Visakhapatnam,AIR,399.0,1948.8,MEDIUM,CLEAR,22,3,8,2,0.0322,8.52
Bengaluru,Surat,ROAD,1042.5,6007.7,LOW,SNOW,7,5,3,1,0.1712,33.2
Kolkata,Guwahati,RAIL,523.8,1047.7,MEDIUM,CLEAR,2,5,7,0,0.2831,10.1
Hyderabad,Bhubaneswar,ROAD,837.2,2132.1,LOW,STORM,17,5,8,0,0.1515,29.69
Bengaluru,Bhopal,ROAD,1144.2,193.8,MEDIUM,STORM,19,6,8,0,0.2896,45.96
Hyderabad,Nagpur,ROAD,422.9,1472.4,MEDIUM,STORM,21,6,4,0,0.2717,16.7
Pune,Delhi,ROAD,1173.0,1020.6,LOW,RAIN,18,3,12,2,0.2377,33.23
Kochi,Ahmedabad,AIR,1507.8,4793.8,LOW,CLEAR,8,6,3,1,0.1824,10.81
Pune,Bhopal,ROAD,643.5,573.3,LOW,SNOW,7,3,6,1,0.2642,20.91
Bhubaneswar,Chennai,AIR,996.3,820.6,LOW,RAIN,4,4,11,1,0.1665,6.44
Kochi,Kolkata,RAIL,1906.4,3907.2,MEDIUM,STORM,14,6,1,2,0.0622,50.74
Coimbatore,Mumbai,RAIL,997.2,982.0,LOW,CLEAR,12,0,5,2,0.2776,20.63
Bengaluru,Patna,AIR,1610.3,289.9,LOW,CLEAR,6,6,6,0,0.1507,3.72
Guwahati,Bhubaneswar,ROAD,887.3,23434.4,HIGH,STORM,12,5,10,0,0.2723,74.29
Indore,Visakhapatnam,ROAD,950.0,300.6,LOW,SNOW,14,6,10,0,0.1179,23.72
Guwahati,Ahmedabad,ROAD,1966.8,1014.7,HIGH,CLEAR,16,5,10,0,0.1007,59.16
Ahmedabad,Bhopal,ROAD,495.7,1662.4,MEDIUM,RAIN,11,1,5,1,0.2298,17.54
Guwahati,Bhopal,AIR,1481.2,1511.9,MEDIUM,CLEAR,9,2,6,0,0.1903,4.28
Bhopal,Hyderabad,ROAD,662.8,873.3,MEDIUM,RAIN,15,0,1,1,0.1319,20.43
Delhi,Pune,ROAD,1173.0,878.6,LOW,CLEAR,16,4,10,0,0.2636,24.93
Jaipur,Patna,ROAD,943.7,827.2,HIGH,CLEAR,8,3,4,1,0.155,40.77
Bengaluru,Jaipur,ROAD,1561.5,287.4,HIGH,CLEAR,1,3,6,0,0.0038,44.31
Coimbatore,Visakhapatnam,RAIL,1002.3,14476.2,LOW,CLEAR,21,5,9,0,0.208,27.79
Pune,Bhubaneswar,ROAD,1270.3,842.2,MEDIUM,CLEAR,17,5,10,2,0.0189,41.5
Kolkata,Mumbai,RAIL,1654.8,2244.7,MEDIUM,CLEAR,7,0,2,0,0.1443,34.13
Bhopal,Patna,RAIL,823.9,733.9,HIGH,CLEAR,14,6,10,1,0.0576,19.34
Jaipur,Ahmedabad,RAIL,540.5,716.4,HIGH,RAIN,14,2,5,2,0.0726,20.0
Delhi,Surat,ROAD,937.9,634.9,LOW,RAIN,6,5,6,0,0.2939,20.65
Visakhapatnam,Hyderabad,RAIL,502.8,170.7,HIGH,RAIN,7,4,2,0,0.034,11.05
Visakhapatnam,Ahmedabad,ROAD,1257.9,904.4,HIGH,CLEAR,21,3,9,0,0.2273,38.31
Patna,Pune,ROAD,1402.5,672.9,MEDIUM,CLEAR,13,1,6,0,0.1912,31.95
Indore,Delhi,RAIL,669.2,4473.1,LOW,SNOW,7,1,2,2,0.0585,20.95
Jaipur,Kochi,RAIL,1888.9,260.9,HIGH,SNOW,17,5,2,2,0.2806,53.9
Surat,Bengaluru,ROAD,1042.5,548.6,MEDIUM,STORM,12,2,9,0,0.0604,35.2
Surat,Ahmedabad,AIR,207.7,373.1,LOW,STORM,15,1,2,1,0.1547,4.12
Chennai,Ahmedabad,ROAD,1371.8,6192.1,HIGH,RAIN,9,0,7,2,0.2372,68.82
Delhi,Coimbatore,RAIL,1956.9,386.3,MEDIUM,SNOW,3,5,9,0,0.2291,38.27
Hyderabad,Coimbatore,AIR,727.1,2153.3,HIGH,CLEAR,7,2,11,0,0.0959,3.94
Lucknow,Ahmedabad,RAIL,945.1,3512.9,MEDIUM,SNOW,22,2,2,2,0.2518,25.73
Chennai,Surat,AIR,1196.8,920.3,LOW,STORM,15,2,4,1,0.2886,7.77
Bengaluru,Guwahati,RAIL,2080.0,210.2,HIGH,SNOW,18,4,2,0,0.1422,47.81
Bhubaneswar,Kolkata,RAIL,364.9,213.4,MEDIUM,CLEAR,1,3,11,0,0.1957,5.85
Ahmedabad,Coimbatore,RAIL,1413.7,3077.0,MEDIUM,CLEAR,17,3,8,0,0.1094,27.95
Bhopal,Bengaluru,RAIL,1144.2,241.6,MEDIUM,CLEAR,12,1,12,1,0.1062,20.93
Surat,Kolkata,ROAD,1609.7,1755.4,LOW,CLEAR,15,2,1,1,0.1409,30.84
Patna,Pune,RAIL,1402.5,1257.9,MEDIUM,SNOW,10,6,9,0,0.0591,25.67
Patna,Mumbai,ROAD,1453.2,1724.3,MEDIUM,RAIN,15,3,1,1,0.2068,41.34
Hyderabad,Visakhapatnam,AIR,502.8,1931.2,HIGH,CLEAR,2,6,2,0,0.0497,2.9
Visakhapatnam,Bhubaneswar,ROAD,399.0,357.7,HIGH,RAIN,3,5,6,1,0.0016,17.02
Ahmedabad,Visakhapatnam,ROAD,1257.9,340.1,MEDIUM,CLEAR,17,4,5,1,0.1318,35.67
Visakhapatnam,Kochi,AIR,1142.8,2586.1,LOW,RAIN,6,3,5,0,0.0229,5.27
Jaipur,Visakhapatnam,ROAD,1278.6,515.3,MEDIUM,CLEAR,0,5,1,0,0.1687,30.63
Bengaluru,Visakhapatnam,ROAD,799.0,40.4,LOW,RAIN,19,0,7,0,0.1561,18.88
Kochi,Bhopal,RAIL,1487.1,2388.7,HIGH,RAIN,8,3,5,1,0.0412,41.91
Mumbai,Bengaluru,ROAD,845.3,316.2,MEDIUM,RAIN,14,4,12,1,0.0738,23.61
Kochi,Coimbatore,ROAD,142.3,1920.9,HIGH,SNOW,18,0,10,0,0.0073,8.83
Mumbai,Indore,ROAD,509.8,5833.6,LOW,CLEAR,17,1,6,3,0.1782,24.39
Kolkata,Coimbatore,ROAD,1766.1,1118.9,LOW,RAIN,3,0,10,2,0.0879,42.85
Indore,Guwahati,ROAD,1650.8,3622.5,HIGH,CLEAR,14,3,7,0,0.2139,50.8
Coimbatore,Chennai,ROAD,427.4,1318.9,MEDIUM,CLEAR,13,3,6,0,0.1889,11.69
Jaipur,Chennai,ROAD,1607.1,7368.1,HIGH,RAIN,10,3,12,1,0.1121,64.11
Bengaluru,Delhi,ROAD,1739.8,306.6,HIGH,RAIN,17,0,8,0,0.0065,59.58
Kolkata,Guwahati,ROAD,523.8,1085.9,MEDIUM,STORM,21,3,6,3,0.096,27.35
Bhubaneswar,Coimbatore,RAIL,1401.3,2459.7,MEDIUM,CLEAR,7,6,7,1,0.0975,33.52
Patna,Coimbatore,RAIL,1835.2,872.6,MEDIUM,SNOW,7,0,10,0,0.0998,35.44
Bengaluru,Bhubaneswar,ROAD,1196.1,4370.6,HIGH,CLEAR,16,5,9,0,0.286,43.67
Ahmedabad,Indore,ROAD,338.4,653.0,HIGH,RAIN,12,1,7,0,0.0494,11.53
Hyderabad,Surat,AIR,727.5,13137.8,LOW,SNOW,17,0,3,0,0.081,14.69
Chennai,Guwahati,RAIL,1882.2,13997.5,MEDIUM,RAIN,7,0,8,0,0.2497,45.16
Visakhapatnam,Bhopal,ROAD,865.7,1538.4,LOW,SNOW,2,0,6,2,0.2775,28.72
Indore,Kolkata,ROAD,1283.1,2128.4,MEDIUM,SNOW,16,2,12,1,0.1405,41.41
Chennai,Patna,ROAD,1481.5,4582.5,HIGH,CLEAR,23,3,11,2,0.162,57.57
Nagpur,Visakhapatnam,AIR,579.2,263.8,HIGH,STORM,6,4,1,0,0.0159,1.92
Jaipur,Nagpur,AIR,723.5,227.1,MEDIUM,STORM,18,0,12,0,0.2424,2.44
Delhi,Lucknow,AIR,417.0,4952.8,LOW,CLEAR,10,4,11,2,0.1784,12.08
Jaipur,Chennai,ROAD,1607.1,1523.5,LOW,CLEAR,1,5,11,0,0.1437,30.01
Chennai,Mumbai,ROAD,1033.1,835.6,LOW,CLEAR,13,0,6,0,0.0908,20.3
Kolkata,Indore,ROAD,1283.1,1111.4,LOW,SNOW,9,4,4,3,0.1331,41.48
Bhubaneswar,Nagpur,ROAD,706.9,62.6,HIGH,STORM,16,0,8,1,0.2206,33.78
Patna,Kochi,ROAD,1976.9,872.5,MEDIUM,SNOW,9,3,11,2,0.0242,73.29
Bengaluru,Guwahati,RAIL,2080.0,444.2,LOW,CLEAR,12,4,6,0,0.152,25.62
Bhubaneswar,Lucknow,ROAD,881.6,3300.0,MEDIUM,CLEAR,7,6,12,1,0.0104,29.09
Bhopal,Visakhapatnam,AIR,865.7,3619.3,LOW,RAIN,18,3,4,0,0.2317,5.93
Bhubaneswar,Patna,ROAD,593.3,2190.8,LOW,CLEAR,20,3,11,0,0.0633,12.78
Patna,Hyderabad,ROAD,1142.6,1762.6,HIGH,CLEAR,11,5,1,0,0.271,38.11
Pune,Visakhapatnam,AIR,993.7,181.9,LOW,CLEAR,11,1,11,2,0.1428,8.69
Surat,Delhi,RAIL,937.9,2227.8,MEDIUM,CLEAR,22,1,12,0,0.1372,15.44
Surat,Bhopal,ROAD,525.7,2333.9,MEDIUM,CLEAR,7,3,9,1,0.1081,19.15
Patna,Coimbatore,RAIL,1835.2,4886.5,LOW,SNOW,17,0,8,2,0.1549,41.01
Kolkata,Nagpur,ROAD,970.1,13930.7,LOW,CLEAR,14,0,5,1,0.1014,34.97
Pune,Coimbatore,ROAD,898.3,143.9,LOW,CLEAR,19,2,11,0,0.108,16.13
Kolkata,Delhi,ROAD,1303.8,688.0,LOW,RAIN,9,1,2,1,0.0587,31.61
Hyderabad,Surat,ROAD,727.5,450.0,HIGH,STORM,9,4,4,0,0.1036,34.41
Chennai,Kochi,RAIL,559.5,1348.9,MEDIUM,SNOW,9,3,2,0,0.2435,13.62
Mumbai,Indore,ROAD,509.8,1114.4,MEDIUM,RAIN,1,3,4,0,0.0737,13.31
Coimbatore,Bhubaneswar,RAIL,1401.3,828.1,LOW,RAIN,7,3,7,1,0.2464,25.99
Delhi,Lucknow,RAIL,417.0,3763.6,HIGH,RAIN,23,0,5,1,0.2584,14.68
Bhubaneswar,Nagpur,ROAD,706.9,292.5,LOW,RAIN,8,2,6,2,0.1999,22.81
Mumbai,Jaipur,ROAD,920.7,314.4,HIGH,CLEAR,1,0,3,0,0.0092,26.48
Kochi,Bhubaneswar,ROAD,1541.8,320.8,LOW,RAIN,9,2,5,0,0.1683,39.83
Pune,Bengaluru,RAIL,735.2,711.7,HIGH,CLEAR,11,4,6,0,0.2499,16.54
Surat,Hyderabad,RAIL,727.5,251.1,LOW,CLEAR,13,6,3,3,0.1097,19.19
Hyderabad,Delhi,RAIL,1255.4,1034.5,LOW,CLEAR,4,2,12,2,0.0848,23.76
Lucknow,Patna,ROAD,440.7,899.1,MEDIUM,CLEAR,17,1,11,3,0.0964,21.54
Lucknow,Kolkata,ROAD,887.0,426.7,LOW,CLEAR,18,4,11,0,0.1269,18.27
Surat,Pune,RAIL,313.6,3129.2,MEDIUM,RAIN,8,6,1,0,0.0211,8.81
Ahmedabad,Visakhapatnam,ROAD,1257.9,1021.1,MEDIUM,CLEAR,17,2,6,1,0.0713,36.7
Surat,Ahmedabad,RAIL,207.7,3925.2,MEDIUM,CLEAR,10,5,10,0,0.1941,6.29
Visakhapatnam,Bengaluru,ROAD,799.0,867.8,LOW,CLEAR,11,2,5,0,0.1417,15.13
Jaipur,Mumbai,ROAD,920.7,1065.3,MEDIUM,CLEAR,20,4,3,0,0.0742,21.83
Ahmedabad,Kolkata,RAIL,1618.9,558.2,LOW,RAIN,19,1,8,0,0.2793,24.6
Bengaluru,Coimbatore,ROAD,228.2,1087.4,HIGH,CLEAR,10,1,1,0,0.0887,7.13
Ahmedabad,Surat,RAIL,207.7,2577.8,MEDIUM,CLEAR,12,6,8,2,0.0388,11.68
Bengaluru,Guwahati,ROAD,2080.0,669.4,MEDIUM,CLEAR,9,2,6,1,0.0598,52.2
Chennai,Kolkata,AIR,1358.4,2042.8,HIGH,CLEAR,13,0,9,1,0.089,8.58
Guwahati,Ahmedabad,AIR,1966.8,413.5,MEDIUM,CLEAR,16,5,9,0,0.1568,4.6
Delhi,Chennai,AIR,1755.8,2726.7,MEDIUM,CLEAR,6,0,7,1,0.0199,8.32
Lucknow,Ahmedabad,RAIL,945.1,546.8,LOW,RAIN,20,0,8,0,0.2565,12.79
Visakhapatnam,Bhopal,RAIL,865.7,3047.3,MEDIUM,STORM,16,5,1,0,0.2632,22.34
Guwahati,Visakhapatnam,RAIL,1286.2,1179.9,LOW,RAIN,6,2,12,0,0.0955,17.02
Bengaluru,Ahmedabad,ROAD,1237.0,6803.2,LOW,CLEAR,18,0,1,0,0.2326,31.41
Chennai,Kochi,ROAD,559.5,274.5,HIGH,CLEAR,17,6,12,2,0.1799,25.36
Ahmedabad,Indore,RAIL,338.4,186.5,LOW,SNOW,9,1,12,2,0.2536,11.47
Bhopal,Hyderabad,ROAD,662.8,523.5,MEDIUM,CLEAR,13,4,9,0,0.0831,15.01
Guwahati,Coimbatore,ROAD,2288.2,208.2,LOW,STORM,18,1,9,1,0.1831,67.92
Kolkata,Jaipur,AIR,1357.8,208.7,MEDIUM,RAIN,21,4,1,0,0.0218,3.35
Chennai,Guwahati,ROAD,1882.2,2312.0,HIGH,CLEAR,9,4,12,0,0.0028,59.44
Hyderabad,Coimbatore,RAIL,727.1,1091.1,LOW,CLEAR,15,5,7,1,0.2624,14.28
Bhubaneswar,Mumbai,RAIL,1361.9,616.7,MEDIUM,STORM,18,2,5,1,0.0884,35.5
Mumbai,Coimbatore,ROAD,997.2,689.3,MEDIUM,STORM,23,4,9,1,0.1336,35.34
Ahmedabad,Coimbatore,AIR,1413.7,535.6,HIGH,SNOW,4,5,7,0,0.0695,3.47
Bengaluru,Visakhapatnam,ROAD,799.0,7946.2,LOW,CLEAR,13,5,5,1,0.263,26.12
Chennai,Hyderabad,AIR,515.2,453.7,MEDIUM,SNOW,19,5,4,0,0.1154,1.59
Coimbatore,Indore,RAIL,1306.5,224.4,MEDIUM,CLEAR,0,2,2,0,0.0537,19.74
Mumbai,Surat,ROAD,232.9,2850.5,MEDIUM,CLEAR,11,3,11,0,0.1824,8.44
Pune,Indore,ROAD,511.2,846.5,LOW,RAIN,14,6,8,0,0.0616,11.19
Coimbatore,Indore,ROAD,1306.5,12664.1,LOW,STORM,13,1,4,0,0.0782,49.77
Indore,Surat,ROAD,356.5,583.2,MEDIUM,CLEAR,16,4,9,0,0.2018,8.93
Delhi,Nagpur,ROAD,851.7,3026.6,LOW,CLEAR,4,5,9,1,0.2878,21.48
Lucknow,Surat,AIR,1037.7,4018.4,MEDIUM,CLEAR,17,3,2,0,0.2264,5.82
Guwahati,Mumbai,ROAD,2086.3,586.6,MEDIUM,CLEAR,9,6,3,0,0.0372,60.38
Jaipur,Mumbai,AIR,920.7,449.7,MEDIUM,CLEAR,18,2,3,2,0.0938,8.59
Surat,Guwahati,ROAD,2001.1,2669.5,LOW,SNOW,11,5,2,2,0.2389,57.01
Surat,Coimbatore,AIR,1211.7,2186.1,LOW,CLEAR,2,4,10,0,0.0825,4.82
Nagpur,Bhopal,ROAD,291.6,201.8,MEDIUM,RAIN,21,0,2,0,0.222,7.75
Chennai,Kochi,ROAD,559.5,283.1,MEDIUM,CLEAR,17,5,10,0,0.1415,15.92
Visakhapatnam,Bengaluru,RAIL,799.0,52.3,HIGH,CLEAR,10,4,7,3,0.2653,24.85
Guwahati,Ahmedabad,ROAD,1966.8,2240.5,MEDIUM,CLEAR,8,1,2,0,0.1077,55.81
Bengaluru,Pune,AIR,735.2,801.0,MEDIUM,CLEAR,14,4,11,0,0.2804,2.41
Visakhapatnam,Mumbai,ROAD,1101.9,902.7,LOW,RAIN,23,3,3,1,0.1222,24.09
Visakhapatnam,Surat,RAIL,1155.7,144.1,HIGH,RAIN,9,6,12,1,0.2179,29.5
Patna,Pune,RAIL,1402.5,293.6,LOW,STORM,21,2,1,0,0.0586,20.76
Ahmedabad,Surat,RAIL,207.7,618.0,LOW,CLEAR,9,1,8,0,0.1592,3.67
Lucknow,Mumbai,ROAD,1194.7,489.4,LOW,RAIN,16,0,4,0,0.093,22.78
Visakhapatnam,Jaipur,ROAD,1278.6,1263.2,LOW,STORM,10,5,7,0,0.0038,32.46
Chennai,Surat,ROAD,1196.8,2208.7,MEDIUM,CLEAR,5,6,11,0,0.1312,31.18
Visakhapatnam,Pune,ROAD,993.7,16706.2,LOW,SNOW,20,4,10,2,0.0517,42.41
Coimbatore,Visakhapatnam,ROAD,1002.3,1070.6,LOW,STORM,7,2,4,1,0.2876,38.02
Nagpur,Kolkata,AIR,970.1,4181.7,LOW,SNOW,21,6,1,1,0.2426,9.96
Pune,Bengaluru,RAIL,735.2,405.1,HIGH,RAIN,6,1,4,1,0.2219,17.69
Bhopal,Surat,RAIL,525.7,146.9,MEDIUM,RAIN,8,4,10,1,0.136,12.6
Delhi,Bhubaneswar,ROAD,1270.2,718.6,HIGH,CLEAR,20,4,7,0,0.0777,36.11
Coimbatore,Ahmedabad,ROAD,1413.7,161.2,HIGH,RAIN,15,5,10,1,0.0973,47.64
Pune,Mumbai,RAIL,120.2,1116.1,HIGH,STORM,7,6,6,0,0.0613,4.71
Delhi,Guwahati,ROAD,1459.4,429.9,MEDIUM,CLEAR,14,2,7,0,0.1656,35.46
Kochi,Jaipur,ROAD,1888.9,105.1,LOW,SNOW,7,0,1,0,0.2434,48.99
Nagpur,Chennai,ROAD,905.3,8806.4,LOW,RAIN,19,1,1,1,0.0562,30.51
Indore,Pune,RAIL,511.2,575.3,LOW,CLEAR,3,5,9,1,0.0014,8.49
Delhi,Coimbatore,AIR,1956.9,153.7,MEDIUM,RAIN,13,2,3,0,0.0377,4.57
Kochi,Hyderabad,ROAD,862.8,3222.2,LOW,SNOW,4,0,5,0,0.1383,22.8
Indore,Bhopal,ROAD,170.1,457.4,LOW,RAIN,16,5,5,2,0.0056,9.09
Kochi,Surat,ROAD,1302.6,4057.0,MEDIUM,SNOW,20,4,8,0,0.121,43.26
Visakhapatnam,Kolkata,ROAD,763.8,454.8,LOW,CLEAR,18,0,12,0,0.0333,14.86
Kolkata,Lucknow,RAIL,887.0,573.0,LOW,STORM,10,4,10,1,0.0323,16.7
Kolkata,Bengaluru,ROAD,1560.7,1658.7,LOW,RAIN,8,4,8,1,0.2138,39.54
Coimbatore,Indore,RAIL,1306.5,2234.7,MEDIUM,SNOW,6,6,11,0,0.2998,25.6
Surat,Kochi,ROAD,1302.6,2757.8,LOW,CLEAR,19,6,7,0,0.0583,30.26
Jaipur,Guwahati,ROAD,1588.0,984.7,LOW,CLEAR,5,6,2,2,0.0689,34.62
Hyderabad,Pune,AIR,505.8,2068.0,LOW,STORM,15,6,6,0,0.0889,3.38
Indore,Hyderabad,ROAD,653.6,2683.2,MEDIUM,CLEAR,10,5,12,2,0.2355,21.88
Kochi,Surat,RAIL,1302.6,1395.0,LOW,CLEAR,23,4,10,1,0.1518,21.27
Mumbai,Nagpur,ROAD,688.0,924.1,LOW,SNOW,13,3,5,2,0.1712,22.25
Bhopal,Guwahati,AIR,1481.2,193.6,HIGH,RAIN,13,5,4,0,0.164,4.06
Guwahati,Mumbai,ROAD,2086.3,2250.7,HIGH,SNOW,20,6,12,0,0.2812,87.35
Hyderabad,Kolkata,ROAD,1181.9,1153.6,LOW,RAIN,21,0,2,0,0.0105,24.19
Hyderabad,Lucknow,RAIL,1082.1,667.6,LOW,STORM,14,0,12,0,0.0474,16.12
Bhubaneswar,Mumbai,ROAD,1361.9,5081.3,LOW,CLEAR,17,3,9,0,0.1146,30.26
Delhi,Visakhapatnam,ROAD,1360.9,197.7,MEDIUM,RAIN,15,2,10,0,0.1464,35.6
Ahmedabad,Indore,AIR,338.4,7886.0,LOW,SNOW,11,3,4,0,0.0342,8.66
Lucknow,Indore,RAIL,688.7,1067.7,HIGH,RAIN,3,2,8,1,0.268,18.32
Kochi,Nagpur,RAIL,1283.0,1605.2,HIGH,CLEAR,16,5,4,0,0.2034,29.56
Bengaluru,Patna,RAIL,1610.3,682.6,MEDIUM,CLEAR,16,6,1,0,0.2797,28.03
Jaipur,Kolkata,AIR,1357.8,148.3,LOW,RAIN,6,1,6,0,0.2822,3.77
Chennai,Surat,AIR,1196.8,927.5,HIGH,SNOW,8,5,12,1,0.1538,6.29
Kochi,Nagpur,RAIL,1283.0,1638.8,MEDIUM,RAIN,16,0,3,0,0.2559,24.04
Indore,Pune,ROAD,511.2,2468.8,MEDIUM,SNOW,7,5,2,1,0.221,23.12
Lucknow,Ahmedabad,ROAD,945.1,864.7,LOW,SNOW,16,4,12,0,0.1082,22.57
Ahmedabad,Lucknow,RAIL,945.1,79.0,MEDIUM,CLEAR,16,4,11,1,0.1972,18.63
Chennai,Mumbai,AIR,1033.1,172.4,HIGH,RAIN,10,3,11,1,0.2858,6.04
Coimbatore,Patna,ROAD,1835.2,12867.0,HIGH,RAIN,8,0,12,1,0.2292,84.68
Indore,Delhi,ROAD,669.2,295.6,MEDIUM,CLEAR,10,5,12,1,0.2128,20.41
Pune,Lucknow,ROAD,1176.7,6078.2,MEDIUM,CLEAR,10,0,12,2,0.0666,40.35
Jaipur,Nagpur,RAIL,723.5,357.5,MEDIUM,RAIN,14,3,12,0,0.2493,12.71
Patna,Delhi,AIR,853.4,881.0,MEDIUM,SNOW,17,1,9,0,0.1169,2.8
Patna,Guwahati,ROAD,663.0,2322.2,HIGH,CLEAR,18,5,4,2,0.1872,33.18
Lucknow,Ahmedabad,RAIL,945.1,409.8,MEDIUM,CLEAR,2,4,6,2,0.2033,20.57
Pune,Mumbai,RAIL,120.2,7410.5,LOW,CLEAR,16,3,5,1,0.1546,12.75
Nagpur,Bhopal,AIR,291.6,1201.0,LOW,SNOW,9,2,7,0,0.0497,1.67
Nagpur,Indore,ROAD,376.4,1906.5,MEDIUM,RAIN,18,5,9,0,0.2092,13.42
Bhopal,Kochi,AIR,1487.1,795.4,HIGH,CLEAR,5,1,3,2,0.0742,9.68
Delhi,Lucknow,RAIL,417.0,2417.4,LOW,STORM,14,5,1,1,0.0796,11.54
Lucknow,Visakhapatnam,RAIL,1044.9,7292.1,LOW,CLEAR,13,6,8,0,0.038,20.0
Indore,Ahmedabad,ROAD,338.4,936.8,HIGH,CLEAR,9,1,12,0,0.186,11.78
Guwahati,Surat,RAIL,2001.1,8739.9,MEDIUM,CLEAR,21,4,11,1,0.0352,45.45
Surat,Chennai,RAIL,1196.8,526.4,LOW,RAIN,6,2,1,1,0.1036,16.95
Pune,Indore,ROAD,511.2,2743.3,LOW,SNOW,7,6,8,3,0.2669,24.52
Bhopal,Hyderabad,ROAD,662.8,1972.3,MEDIUM,CLEAR,15,6,7,0,0.1359,16.87
Chennai,Nagpur,RAIL,905.3,304.2,LOW,SNOW,13,2,6,0,0.2684,13.35
Delhi,Visakhapatnam,RAIL,1360.9,1417.4,MEDIUM,RAIN,8,1,9,0,0.1478,27.6
Nagpur,Bhubaneswar,ROAD,706.9,1106.4,MEDIUM,SNOW,9,0,6,0,0.0537,24.06
Guwahati,Coimbatore,ROAD,2288.2,393.9,MEDIUM,STORM,7,4,11,0,0.2277,96.9
Visakhapatnam,Bengaluru,ROAD,799.0,1685.1,MEDIUM,SNOW,18,6,11,0,0.106,27.34
Bhopal,Bengaluru,AIR,1144.2,1307.1,LOW,CLEAR,14,1,8,0,0.2899,4.06
Mumbai,Coimbatore,AIR,997.2,1005.2,LOW,CLEAR,8,5,6,0,0.0786,3.03
Guwahati,Ahmedabad,ROAD,1966.8,1010.0,LOW,STORM,11,5,8,2,0.2466,63.4
Jaipur,Mumbai,ROAD,920.7,984.4,LOW,RAIN,19,3,11,0,0.1482,22.73
Hyderabad,Visakhapatnam,ROAD,502.8,705.4,MEDIUM,RAIN,19,1,4,0,0.2526,14.23
Bhubaneswar,Ahmedabad,ROAD,1402.2,1297.0,LOW,STORM,4,4,11,1,0.0549,43.97
Patna,Delhi,AIR,853.4,506.4,MEDIUM,SNOW,15,4,8,0,0.1901,2.44
Patna,Chennai,RAIL,1481.5,26586.8,LOW,RAIN,7,5,1,1,0.034,46.66
Hyderabad,Ahmedabad,ROAD,879.5,202.1,LOW,SNOW,8,3,9,2,0.2417,28.04
Guwahati,Mumbai,ROAD,2086.3,543.7,LOW,CLEAR,18,0,3,1,0.0707,44.99
Lucknow,Indore,ROAD,688.7,597.7,MEDIUM,SNOW,19,1,7,0,0.1283,21.99
Surat,Jaipur,AIR,705.5,12690.3,MEDIUM,STORM,5,2,12,2,0.1968,18.67
Kochi,Bhubaneswar,RAIL,1541.8,224.9,HIGH,CLEAR,19,3,10,2,0.1435,41.14
Nagpur,Pune,RAIL,620.1,1828.2,LOW,CLEAR,16,2,9,2,0.2337,14.96
Chennai,Kolkata,ROAD,1358.4,1477.4,MEDIUM,SNOW,17,6,1,0,0.2065,49.81
Pune,Chennai,AIR,914.4,1636.5,MEDIUM,RAIN,17,1,11,1,0.0391,6.41
Ahmedabad,Kolkata,ROAD,1618.9,4834.9,LOW,CLEAR,13,4,5,1,0.232,42.24
Coimbatore,Lucknow,AIR,1809.1,4717.3,LOW,CLEAR,21,2,1,0,0.127,8.79
Patna,Delhi,AIR,853.4,638.3,LOW,CLEAR,7,6,12,0,0.1793,2.52
Ahmedabad,Jaipur,ROAD,540.5,1384.1,LOW,CLEAR,13,6,3,2,0.065,17.67
Patna,Bhubaneswar,AIR,593.3,117.1,HIGH,SNOW,9,5,4,0,0.1269,1.31
Patna,Kochi,ROAD,1976.9,1235.1,LOW,RAIN,18,5,2,2,0.2451,53.67
Ahmedabad,Indore,RAIL,338.4,422.9,MEDIUM,RAIN,5,4,8,3,0.2779,16.42
Jaipur,Bhubaneswar,ROAD,1258.9,876.9,MEDIUM,CLEAR,11,4,11,0,0.2816,30.61
Bhubaneswar,Kochi,ROAD,1541.8,145.1,LOW,CLEAR,17,3,7,0,0.21,32.29
Bhopal,Nagpur,ROAD,291.6,1782.6,MEDIUM,CLEAR,9,0,11,3,0.0237,17.68
Bengaluru,Bhubaneswar,ROAD,1196.1,143.2,LOW,SNOW,8,6,12,0,0.1328,33.87
Patna,Bengaluru,ROAD,1610.3,1310.2,MEDIUM,STORM,8,6,11,1,0.0579,67.45
Bhopal,Visakhapatnam,ROAD,865.7,251.7,LOW,CLEAR,16,3,2,0,0.2093,15.18
Surat,Hyderabad,RAIL,727.5,395.6,LOW,STORM,9,6,3,0,0.0484,14.99
Patna,Coimbatore,ROAD,1835.2,4383.8,LOW,CLEAR,11,2,4,0,0.2933,36.74
Coimbatore,Lucknow,ROAD,1809.1,2220.5,MEDIUM,CLEAR,13,0,8,0,0.0584,42.09
Pune,Delhi,AIR,1173.0,4354.8,MEDIUM,SNOW,20,5,11,2,0.0158,12.3
Jaipur,Ahmedabad,AIR,540.5,7127.2,MEDIUM,CLEAR,17,3,4,0,0.2531,8.05
Chennai,Jaipur,ROAD,1607.1,433.8,LOW,STORM,7,6,8,0,0.0607,47.12
Indore,Coimbatore,ROAD,1306.5,6626.1,HIGH,CLEAR,19,1,3,1,0.0072,50.86
Jaipur,Coimbatore,RAIL,1771.7,188.9,LOW,SNOW,18,3,7,3,0.1644,38.65
Pune,Bhopal,RAIL,643.5,2684.7,HIGH,CLEAR,17,4,10,0,0.2908,16.02
Nagpur,Guwahati,ROAD,1402.1,606.7,MEDIUM,CLEAR,13,0,5,1,0.0802,37.12
Jaipur,Visakhapatnam,RAIL,1278.6,359.1,MEDIUM,CLEAR,4,6,2,0,0.1226,21.74
Lucknow,Nagpur,ROAD,661.4,2292.4,MEDIUM,STORM,16,4,5,2,0.0712,30.95
Jaipur,Surat,ROAD,705.5,3408.2,MEDIUM,RAIN,13,1,10,1,0.1674,24.36
Hyderabad,Lucknow,RAIL,1082.1,3288.9,MEDIUM,RAIN,9,5,12,2,0.0968,30.1
Bengaluru,Patna,RAIL,1610.3,1419.2,LOW,CLEAR,0,6,8,1,0.1774,26.56
Visakhapatnam,Kochi,AIR,1142.8,1284.8,MEDIUM,CLEAR,8,2,9,2,0.1434,8.88
Delhi,Lucknow,ROAD,417.0,2063.7,LOW,CLEAR,14,4,6,0,0.2787,10.35
Pune,Mumbai,ROAD,120.2,1579.0,MEDIUM,SNOW,6,5,12,1,0.201,7.89
Nagpur,Bengaluru,ROAD,922.7,2099.9,MEDIUM,CLEAR,15,1,11,1,0.2048,27.77
Bengaluru,Lucknow,ROAD,1581.9,1400.8,HIGH,CLEAR,18,3,12,0,0.1459,53.18
Nagpur,Indore,ROAD,376.4,3015.0,MEDIUM,RAIN,9,3,11,2,0.0909,20.31
Patna,Visakhapatnam,RAIL,901.3,155.6,LOW,RAIN,5,2,7,1,0.0942,13.05
Nagpur,Kolkata,RAIL,970.1,936.8,MEDIUM,CLEAR,7,2,12,2,0.1512,21.85
Pune,Kochi,RAIL,989.7,208.4,LOW,CLEAR,10,4,8,0,0.0576,11.46
Mumbai,Nagpur,ROAD,688.0,1528.5,MEDIUM,CLEAR,18,5,8,2,0.0397,27.6
Bhubaneswar,Delhi,ROAD,1270.2,7866.1,MEDIUM,RAIN,15,2,8,0,0.1117,40.38
Pune,Ahmedabad,RAIL,518.1,620.9,MEDIUM,CLEAR,18,1,3,3,0.0391,18.82
Visakhapatnam,Pune,ROAD,993.7,1277.6,LOW,RAIN,23,5,11,0,0.0692,21.88
Chennai,Bhubaneswar,AIR,996.3,2718.4,LOW,CLEAR,7,1,5,1,0.1605,7.71
Chennai,Coimbatore,ROAD,427.4,91.7,MEDIUM,STORM,16,0,8,0,0.237,15.28
Kochi,Visakhapatnam,RAIL,1142.8,586.1,LOW,STORM,12,2,11,1,0.0674,19.93
Coimbatore,Surat,AIR,1211.7,1698.4,LOW,CLEAR,13,5,2,0,0.2375,4.34
Bhubaneswar,Lucknow,RAIL,881.6,33.9,LOW,CLEAR,9,5,4,2,0.0047,17.72
Kochi,Pune,RAIL,989.7,339.6,MEDIUM,CLEAR,10,2,12,2,0.2991,21.67
Kolkata,Kochi,RAIL,1906.4,4109.4,LOW,SNOW,16,3,5,0,0.1551,30.01
Coimbatore,Delhi,ROAD,1956.9,3654.1,MEDIUM,RAIN,15,6,8,2,0.1428,60.18
Nagpur,Hyderabad,RAIL,422.9,1718.5,HIGH,RAIN,9,5,7,1,0.1952,14.76
Chennai,Bengaluru,AIR,290.2,3161.0,MEDIUM,CLEAR,6,5,11,0,0.1426,3.76
Bengaluru,Lucknow,AIR,1581.9,1419.6,LOW,CLEAR,14,0,7,0,0.1224,4.81
Bhubaneswar,Hyderabad,ROAD,837.2,2135.5,LOW,RAIN,17,1,6,0,0.1113,19.43
Hyderabad,Chennai,ROAD,515.2,750.9,LOW,RAIN,14,0,1,0,0.2933,11.69
Kochi,Ahmedabad,RAIL,1507.8,1260.1,MEDIUM,SNOW,0,6,6,1,0.2584,31.92
Bengaluru,Bhubaneswar,RAIL,1196.1,513.5,MEDIUM,SNOW,9,2,8,1,0.1507,27.63
Hyderabad,Bhopal,ROAD,662.8,4994.9,LOW,RAIN,17,3,9,0,0.2509,19.68
Hyderabad,Visakhapatnam,ROAD,502.8,6808.1,LOW,RAIN,17,3,10,3,0.0447,27.99
Hyderabad,Coimbatore,ROAD,727.1,5743.9,LOW,STORM,0,3,10,0,0.1588,26.07
Nagpur,Coimbatore,ROAD,1149.0,672.0,LOW,SNOW,12,0,6,2,0.1351,30.23
Coimbatore,Ahmedabad,ROAD,1413.7,349.1,HIGH,SNOW,11,6,1,2,0.0975,61.65
Coimbatore,Bhubaneswar,ROAD,1401.3,5076.5,LOW,STORM,15,2,4,1,0.2755,49.68
Patna,Coimbatore,ROAD,1835.2,2106.3,LOW,CLEAR,6,6,5,1,0.2497,39.1
Kolkata,Guwahati,AIR,523.8,1626.7,LOW,RAIN,15,5,12,0,0.2721,2.84
Guwahati,Ahmedabad,ROAD,1966.8,512.7,LOW,RAIN,21,4,10,2,0.1906,47.37
Surat,Kolkata,ROAD,1609.7,1827.7,LOW,CLEAR,10,4,11,1,0.1129,31.0
Surat,Bhopal,ROAD,525.7,298.2,MEDIUM,RAIN,10,6,12,2,0.227,19.65
Patna,Coimbatore,ROAD,1835.2,2347.0,LOW,CLEAR,1,2,2,0,0.0326,31.74
Kochi,Coimbatore,AIR,142.3,5736.8,LOW,CLEAR,3,2,1,1,0.2559,9.4
Guwahati,Bhopal,AIR,1481.2,7764.0,MEDIUM,CLEAR,20,4,7,0,0.0086,10.37
Bhopal,Bengaluru,ROAD,1144.2,2566.3,MEDIUM,RAIN,22,1,4,1,0.2455,34.68
Indore,Jaipur,ROAD,466.3,208.8,LOW,RAIN,0,5,11,1,0.2112,12.52
Patna,Bhopal,ROAD,823.9,1389.6,HIGH,RAIN,19,0,6,0,0.0265,32.89
Hyderabad,Pune,ROAD,505.8,14294.3,LOW,CLEAR,7,6,1,0,0.0441,23.6
Pune,Delhi,ROAD,1173.0,386.7,HIGH,RAIN,14,2,3,0,0.1357,35.58
Indore,Hyderabad,ROAD,653.6,1021.5,HIGH,CLEAR,16,0,5,0,0.09,18.58
Delhi,Nagpur,ROAD,851.7,5980.3,MEDIUM,CLEAR,10,4,1,0,0.2602,27.19
Pune,Kolkata,RAIL,1575.4,2299.8,LOW,CLEAR,13,1,4,0,0.0579,21.09
Patna,Guwahati,ROAD,663.0,21508.2,HIGH,SNOW,15,2,7,0,0.1251,48.53
Guwahati,Delhi,ROAD,1459.4,455.1,LOW,CLEAR,7,3,11,1,0.0781,30.34
Surat,Bhopal,ROAD,525.7,334.4,LOW,RAIN,23,4,8,1,0.0382,12.99
Ahmedabad,Lucknow,ROAD,945.1,4764.5,MEDIUM,SNOW,8,0,2,0,0.0779,39.04
Jaipur,Visakhapatnam,ROAD,1278.6,261.1,MEDIUM,CLEAR,0,0,5,0,0.258,30.25
Nagpur,Bhubaneswar,ROAD,706.9,866.0,HIGH,SNOW,21,3,10,1,0.2147,29.32
Surat,Indore,ROAD,356.5,1013.6,MEDIUM,CLEAR,11,2,5,0,0.2743,9.54
Mumbai,Nagpur,ROAD,688.0,3801.6,HIGH,CLEAR,11,4,7,0,0.1216,24.63
Surat,Chennai,AIR,1196.8,2291.9,MEDIUM,CLEAR,9,5,12,0,0.0721,4.89
Jaipur,Kolkata,AIR,1357.8,1897.9,MEDIUM,RAIN,1,4,2,3,0.0079,13.6
Patna,Lucknow,ROAD,440.7,676.6,MEDIUM,STORM,8,0,6,0,0.1485,17.18
Bhubaneswar,Indore,ROAD,1065.4,4712.6,HIGH,RAIN,11,6,8,3,0.0119,47.96
Guwahati,Kolkata,RAIL,523.8,50000.0,HIGH,RAIN,13,5,10,0,0.0013,58.69
Indore,Kolkata,RAIL,1283.1,2513.8,HIGH,CLEAR,12,0,11,0,0.1814,26.31
Ahmedabad,Visakhapatnam,ROAD,1257.9,1236.0,MEDIUM,STORM,19,5,4,0,0.0494,55.74
Jaipur,Ahmedabad,ROAD,540.5,231.0,MEDIUM,CLEAR,19,6,6,1,0.1679,17.76
Chennai,Patna,ROAD,1481.5,510.3,LOW,CLEAR,9,3,10,1,0.1721,33.43
Coimbatore,Patna,RAIL,1835.2,848.6,HIGH,STORM,21,5,11,1,0.2172,52.53
Visakhapatnam,Kochi,ROAD,1142.8,577.4,LOW,CLEAR,18,6,10,3,0.1149,33.53
Bhubaneswar,Guwahati,ROAD,887.3,1075.7,LOW,CLEAR,20,6,9,1,0.2115,21.63
Pune,Bhopal,ROAD,643.5,9261.5,MEDIUM,CLEAR,16,6,4,0,0.1098,23.92
Pune,Hyderabad,ROAD,505.8,4898.1,MEDIUM,CLEAR,7,1,5,1,0.0293,21.8
Bhubaneswar,Hyderabad,ROAD,837.2,906.3,MEDIUM,SNOW,7,0,8,0,0.093,28.46
Surat,Hyderabad,RAIL,727.5,257.3,LOW,CLEAR,19,4,4,1,0.0023,12.44
Patna,Visakhapatnam,RAIL,901.3,5458.0,LOW,STORM,13,4,9,2,0.1387,24.33
Lucknow,Bhubaneswar,ROAD,881.6,1033.9,LOW,CLEAR,19,3,7,0,0.2221,20.62
Jaipur,Pune,ROAD,953.9,138.1,LOW,RAIN,16,1,6,0,0.2354,19.34
Indore,Patna,AIR,994.0,2578.4,LOW,RAIN,8,6,5,1,0.0696,7.44
Visakhapatnam,Coimbatore,ROAD,1002.3,3754.9,MEDIUM,RAIN,10,2,10,0,0.0317,29.33
Pune,Kochi,ROAD,989.7,59.7,LOW,RAIN,21,5,6,0,0.0556,18.86
Visakhapatnam,Mumbai,ROAD,1101.9,407.7,LOW,RAIN,1,4,4,1,0.2951,27.46
Kolkata,Nagpur,AIR,970.1,960.5,LOW,RAIN,16,6,5,0,0.0936,2.87
Jaipur,Chennai,RAIL,1607.1,2647.6,MEDIUM,SNOW,22,4,6,0,0.1288,29.93
Coimbatore,Visakhapatnam,AIR,1002.3,590.6,HIGH,CLEAR,6,4,8,1,0.0227,5.94
Guwahati,Delhi,RAIL,1459.4,404.0,LOW,CLEAR,8,5,12,0,0.2368,21.91
Coimbatore,Guwahati,ROAD,2288.2,2624.4,LOW,RAIN,13,0,5,0,0.1345,48.55
Pune,Chennai,ROAD,914.4,625.2,MEDIUM,CLEAR,18,4,3,3,0.0262,31.14
Visakhapatnam,Jaipur,ROAD,1278.6,2101.6,LOW,CLEAR,13,4,12,0,0.1419,25.36
Coimbatore,Kolkata,RAIL,1766.1,288.9,HIGH,STORM,4,5,2,0,0.214,47.93
Guwahati,Visakhapatnam,RAIL,1286.2,216.4,HIGH,CLEAR,6,1,11,2,0.1419,31.91
Mumbai,Ahmedabad,ROAD,440.0,2714.4,MEDIUM,CLEAR,10,4,2,0,0.2906,14.67
Patna,Delhi,AIR,853.4,1484.8,HIGH,RAIN,9,1,5,2,0.2615,10.3
Guwahati,Lucknow,ROAD,1076.3,3317.4,MEDIUM,CLEAR,8,0,12,1,0.1544,35.89
Kochi,Coimbatore,ROAD,142.3,578.8,MEDIUM,CLEAR,18,4,2,1,0.2822,7.76
Kolkata,Coimbatore,ROAD,1766.1,422.4,LOW,CLEAR,1,0,2,0,0.2434,31.92
Kochi,Kolkata,AIR,1906.4,5613.1,LOW,CLEAR,18,0,8,0,0.1105,9.41
Bengaluru,Ahmedabad,AIR,1237.0,176.3,LOW,CLEAR,20,3,3,2,0.2314,8.25
Lucknow,Jaipur,ROAD,511.7,4923.4,MEDIUM,SNOW,15,6,1,0,0.1518,18.84
Indore,Bhopal,AIR,170.1,5348.7,MEDIUM,CLEAR,15,5,9,1,0.1617,8.33
Lucknow,Surat,AIR,1037.7,3078.2,LOW,CLEAR,7,0,12,2,0.1562,11.3
Nagpur,Bengaluru,AIR,922.7,480.4,MEDIUM,RAIN,14,0,10,1,0.2411,5.47
Kolkata,Kochi,AIR,1906.4,411.6,LOW,CLEAR,10,3,12,0,0.2756,4.74
Indore,Kolkata,ROAD,1283.1,852.3,LOW,CLEAR,8,3,7,1,0.0959,29.24
Indore,Pune,RAIL,511.2,231.8,LOW,CLEAR,14,0,8,1,0.1926,8.92
Indore,Visakhapatnam,RAIL,950.0,345.8,MEDIUM,CLEAR,0,1,12,0,0.1885,16.21
Hyderabad,Nagpur,RAIL,422.9,2377.2,MEDIUM,CLEAR,9,0,7,2,0.2662,14.97
Pune,Ahmedabad,ROAD,518.1,2390.4,MEDIUM,CLEAR,15,3,1,0,0.1342,14.99
Hyderabad,Coimbatore,RAIL,727.1,311.2,LOW,SNOW,12,4,3,3,0.057,16.71
Lucknow,Ahmedabad,AIR,945.1,2468.5,MEDIUM,STORM,7,2,8,0,0.0609,5.14
Bhopal,Kolkata,ROAD,1124.0,1891.6,HIGH,SNOW,0,4,11,0,0.0154,39.34
Ahmedabad,Chennai,AIR,1371.8,6713.4,LOW,CLEAR,8,1,8,1,0.0302,12.09
Jaipur,Lucknow,ROAD,511.7,2171.0,MEDIUM,SNOW,13,5,5,0,0.0904,18.66
Hyderabad,Bhopal,ROAD,662.8,3906.1,LOW,RAIN,13,0,4,0,0.0308,15.95
Kolkata,Visakhapatnam,ROAD,763.8,1944.0,LOW,CLEAR,7,3,9,0,0.2613,17.24
Nagpur,Ahmedabad,RAIL,703.1,3554.3,MEDIUM,STORM,15,2,11,2,0.1086,23.75
Visakhapatnam,Bhubaneswar,RAIL,399.0,234.0,LOW,SNOW,23,3,4,0,0.1105,5.48
Hyderabad,Indore,ROAD,653.6,947.6,MEDIUM,CLEAR,14,3,7,1,0.2273,19.49
Bhubaneswar,Delhi,RAIL,1270.2,1046.5,HIGH,STORM,13,4,6,1,0.0904,34.23
Bhopal,Patna,ROAD,823.9,818.5,LOW,CLEAR,15,6,3,1,0.2146,18.86
Chennai,Bhopal,ROAD,1171.1,1868.1,LOW,CLEAR,19,3,5,0,0.2467,25.67
Ahmedabad,Lucknow,AIR,945.1,2347.9,HIGH,CLEAR,21,1,2,0,0.1081,4.51
Mumbai,Pune,RAIL,120.2,1755.9,MEDIUM,CLEAR,2,3,7,3,0.1433,12.45
Mumbai,Indore,RAIL,509.8,886.8,HIGH,STORM,8,3,2,1,0.0967,17.58
Pune,Bhopal,RAIL,643.5,453.6,LOW,RAIN,6,6,6,2,0.1269,14.91
Lucknow,Jaipur,AIR,511.7,4091.3,MEDIUM,CLEAR,17,3,11,1,0.1742,8.24
Kochi,Hyderabad,ROAD,862.8,1668.5,HIGH,SNOW,3,6,2,2,0.1049,41.67
Bengaluru,Ahmedabad,ROAD,1237.0,323.0,LOW,SNOW,19,4,4,3,0.1392,39.42
Visakhapatnam,Lucknow,ROAD,1044.9,869.2,HIGH,STORM,1,4,9,0,0.1489,46.39
Kolkata,Lucknow,RAIL,887.0,135.4,MEDIUM,STORM,14,2,11,2,0.0074,23.31
Bengaluru,Pune,RAIL,735.2,1144.2,HIGH,STORM,9,1,12,0,0.0491,20.99
Nagpur,Bhopal,RAIL,291.6,864.3,LOW,RAIN,12,0,2,0,0.1624,4.73
Kochi,Kolkata,ROAD,1906.4,550.4,MEDIUM,CLEAR,11,3,3,0,0.0008,41.9
Indore,Surat,ROAD,356.5,7343.1,LOW,STORM,17,6,12,0,0.2113,17.7
Bengaluru,Lucknow,RAIL,1581.9,273.9,HIGH,CLEAR,13,0,7,0,0.2716,30.74
Bengaluru,Kochi,AIR,367.7,2559.8,LOW,CLEAR,11,6,11,1,0.2264,6.35
Ahmedabad,Visakhapatnam,ROAD,1257.9,15124.2,LOW,CLEAR,16,6,1,1,0.0942,39.99
Lucknow,Nagpur,ROAD,661.4,3994.7,HIGH,CLEAR,20,3,2,2,0.135,30.59
Guwahati,Patna,ROAD,663.0,1055.9,LOW,RAIN,17,2,3,0,0.1952,15.88
Hyderabad,Delhi,ROAD,1255.4,281.2,MEDIUM,STORM,16,4,2,0,0.2041,43.87
Chennai,Pune,ROAD,914.4,213.9,LOW,CLEAR,12,5,11,1,0.2932,20.54
Coimbatore,Nagpur,ROAD,1149.0,669.2,MEDIUM,RAIN,19,0,10,1,0.1479,36.54
Chennai,Visakhapatnam,RAIL,601.6,480.9,LOW,CLEAR,12,3,5,2,0.0749,14.3
Mumbai,Bhopal,ROAD,661.4,462.5,MEDIUM,RAIN,20,0,1,0,0.1087,16.7
Jaipur,Bhubaneswar,ROAD,1258.9,741.3,MEDIUM,CLEAR,17,4,2,0,0.2767,34.04
Jaipur,Hyderabad,ROAD,1095.1,970.0,LOW,CLEAR,7,0,4,2,0.1898,28.41
Indore,Chennai,AIR,1168.6,1963.0,LOW,RAIN,3,2,9,0,0.2593,4.95
Bhubaneswar,Delhi,ROAD,1270.2,248.3,LOW,RAIN,17,5,10,1,0.2172,36.04
Coimbatore,Bhopal,ROAD,1362.2,483.6,MEDIUM,CLEAR,16,5,7,0,0.2896,32.39
Hyderabad,Nagpur,ROAD,422.9,905.4,LOW,CLEAR,14,1,11,0,0.1504,8.46
Guwahati,Hyderabad,RAIL,1677.6,867.3,LOW,CLEAR,22,3,12,2,0.285,25.75
Indore,Kochi,AIR,1422.7,9933.9,LOW,RAIN,13,1,10,0,0.2658,13.31
Delhi,Patna,ROAD,853.4,1449.1,MEDIUM,CLEAR,10,4,1,0,0.2529,22.02
Coimbatore,Ahmedabad,ROAD,1413.7,158.2,MEDIUM,CLEAR,14,0,11,1,0.2817,34.17
Bengaluru,Kolkata,ROAD,1560.7,1811.3,MEDIUM,SNOW,1,5,11,0,0.1577,47.17
Bhopal,Patna,RAIL,823.9,2110.7,HIGH,RAIN,14,0,7,0,0.2228,19.75
Kochi,Nagpur,AIR,1283.0,943.7,MEDIUM,CLEAR,19,4,8,1,0.1666,6.77
Kolkata,Chennai,ROAD,1358.4,255.7,HIGH,RAIN,0,2,10,0,0.2329,46.0
Hyderabad,Lucknow,ROAD,1082.1,9042.3,MEDIUM,CLEAR,18,1,8,1,0.2291,39.07
Lucknow,Surat,RAIL,1037.7,303.7,LOW,CLEAR,17,3,5,0,0.2275,15.09
Bhubaneswar,Chennai,RAIL,996.3,2423.4,HIGH,RAIN,6,0,9,0,0.1285,22.21
Kolkata,Coimbatore,ROAD,1766.1,1394.2,MEDIUM,CLEAR,18,4,10,0,0.2389,50.66
Nagpur,Ahmedabad,ROAD,703.1,2255.2,MEDIUM,CLEAR,17,4,2,2,0.2629,24.16
Lucknow,Ahmedabad,ROAD,945.1,8503.5,LOW,SNOW,12,3,9,0,0.1909,29.27
Bengaluru,Delhi,RAIL,1739.8,2151.6,LOW,RAIN,8,2,3,2,0.1364,32.97
Patna,Bhubaneswar,RAIL,593.3,560.9,MEDIUM,STORM,9,3,7,0,0.256,15.18
Visakhapatnam,Kolkata,RAIL,763.8,4134.8,MEDIUM,SNOW,15,6,2,0,0.2335,18.53
Bhopal,Guwahati,AIR,1481.2,514.2,MEDIUM,CLEAR,8,5,12,1,0.1409,6.75
Chennai,Lucknow,ROAD,1532.1,1334.4,LOW,RAIN,9,0,9,0,0.174,36.53
Chennai,Bhubaneswar,ROAD,996.3,232.4,MEDIUM,CLEAR,20,2,6,1,0.2057,28.19
Jaipur,Chennai,ROAD,1607.1,317.4,LOW,RAIN,16,0,7,2,0.2065,37.81
Surat,Chennai,AIR,1196.8,1166.4,LOW,CLEAR,16,1,8,2,0.0933,8.99
Bhopal,Visakhapatnam,RAIL,865.7,1705.7,LOW,CLEAR,21,5,2,1,0.0878,14.01
Kolkata,Visakhapatnam,ROAD,763.8,142.2,HIGH,CLEAR,0,5,7,1,0.2662,28.47
Surat,Mumbai,ROAD,232.9,1991.7,MEDIUM,SNOW,8,3,9,0,0.2811,9.9
Hyderabad,Coimbatore,RAIL,727.1,410.2,HIGH,CLEAR,15,4,4,1,0.1206,17.41
Nagpur,Ahmedabad,RAIL,703.1,5093.0,MEDIUM,RAIN,11,2,6,0,0.274,16.33
Kochi,Coimbatore,RAIL,142.3,718.8,MEDIUM,SNOW,6,3,4,0,0.1412,3.22
Nagpur,Bhubaneswar,ROAD,706.9,284.8,MEDIUM,RAIN,17,5,2,1,0.0502,24.18
Mumbai,Bhubaneswar,AIR,1361.9,1201.1,HIGH,CLEAR,3,1,12,0,0.2199,4.33
Guwahati,Nagpur,RAIL,1402.1,365.2,HIGH,CLEAR,13,2,8,1,0.0138,28.3
Mumbai,Nagpur,RAIL,688.0,5027.8,MEDIUM,STORM,14,0,5,0,0.0342,16.48
Guwahati,Surat,RAIL,2001.1,1097.3,LOW,RAIN,15,1,5,0,0.2823,26.32
Mumbai,Ahmedabad,AIR,440.0,914.1,MEDIUM,CLEAR,9,0,9,1,0.1553,4.53
Surat,Patna,AIR,1348.1,2230.9,LOW,STORM,1,5,2,1,0.0799,8.47
Bengaluru,Visakhapatnam,RAIL,799.0,328.3,LOW,CLEAR,19,5,7,3,0.1441,22.31
Delhi,Bhopal,ROAD,595.7,233.5,MEDIUM,CLEAR,20,2,3,0,0.1735,12.41
Nagpur,Patna,ROAD,790.9,1790.1,HIGH,CLEAR,12,4,11,0,0.1917,26.06
Patna,Mumbai,AIR,1453.2,293.1,LOW,CLEAR,1,1,10,0,0.1045,3.5
Bengaluru,Lucknow,RAIL,1581.9,292.9,LOW,CLEAR,14,0,10,0,0.1162,19.82
Guwahati,Surat,ROAD,2001.1,2993.2,HIGH,RAIN,9,3,2,0,0.1649,78.54
Pune,Bhubaneswar,ROAD,1270.3,2059.2,LOW,CLEAR,7,1,1,1,0.188,33.47
Pune,Kolkata,AIR,1575.4,243.6,LOW,RAIN,7,5,6,0,0.2764,4.69
Hyderabad,Ahmedabad,AIR,879.5,521.7,MEDIUM,SNOW,7,1,5,2,0.1177,8.34
Lucknow,Chennai,AIR,1532.1,370.7,HIGH,SNOW,9,5,9,1,0.2624,7.15
Chennai,Bhopal,ROAD,1171.1,9242.6,MEDIUM,CLEAR,9,1,9,1,0.298,47.16
Jaipur,Indore,RAIL,466.3,3252.6,MEDIUM,SNOW,18,0,5,0,0.1017,11.89
Kolkata,Visakhapatnam,AIR,763.8,661.8,LOW,CLEAR,13,3,2,0,0.0082,2.17
Delhi,Guwahati,ROAD,1459.4,2189.5,LOW,RAIN,11,1,4,0,0.1813,30.18
Ahmedabad,Delhi,ROAD,775.7,215.4,MEDIUM,CLEAR,7,2,7,1,0.2711,24.86
Nagpur,Kolkata,AIR,970.1,489.2,HIGH,RAIN,19,2,4,1,0.016,5.19
Kochi,Pune,ROAD,989.7,1243.7,LOW,CLEAR,3,6,4,0,0.0591,20.42
Ahmedabad,Kolkata,RAIL,1618.9,1886.9,LOW,RAIN,8,3,3,0,0.2028,26.11
Pune,Visakhapatnam,RAIL,993.7,975.6,LOW,CLEAR,15,5,1,3,0.2429,23.59
Kochi,Bengaluru,RAIL,367.7,1476.8,LOW,CLEAR,16,4,8,0,0.026,4.95
Nagpur,Mumbai,ROAD,688.0,1204.7,LOW,RAIN,17,6,12,0,0.1091,16.17
Visakhapatnam,Bhubaneswar,RAIL,399.0,901.2,LOW,CLEAR,11,3,12,0,0.0716,5.9
Coimbatore,Guwahati,ROAD,2288.2,768.6,MEDIUM,RAIN,10,6,12,0,0.2895,62.99
Visakhapatnam,Kolkata,AIR,763.8,657.5,LOW,RAIN,9,6,8,0,0.2047,2.35
Coimbatore,Pune,ROAD,898.3,1448.6,MEDIUM,RAIN,14,6,9,1,0.1427,28.31
Jaipur,Surat,RAIL,705.5,1795.4,MEDIUM,RAIN,10,4,1,1,0.2587,17.07
Ahmedabad,Surat,RAIL,207.7,1391.4,HIGH,SNOW,9,6,3,1,0.1613,10.29
Pune,Guwahati,ROAD,2022.1,266.6,HIGH,STORM,1,5,9,0,0.2734,94.39
Kolkata,Jaipur,ROAD,1357.8,330.7,LOW,CLEAR,21,2,12,0,0.0716,25.12
Patna,Mumbai,RAIL,1453.2,1769.9,LOW,RAIN,4,1,11,1,0.0082,21.03
Patna,Jaipur,ROAD,943.7,6412.5,MEDIUM,RAIN,8,1,8,0,0.1286,34.19
Visakhapatnam,Bhopal,ROAD,865.7,1316.7,LOW,CLEAR,20,4,2,0,0.0613,16.3
Chennai,Surat,ROAD,1196.8,669.1,LOW,CLEAR,16,1,12,0,0.2507,22.96
Lucknow,Surat,AIR,1037.7,1435.4,LOW,CLEAR,14,1,4,1,0.1599,6.55
Kolkata,Coimbatore,RAIL,1766.1,280.3,HIGH,RAIN,15,4,1,0,0.0866,35.54
Bhubaneswar,Visakhapatnam,ROAD,399.0,5275.0,LOW,CLEAR,6,2,10,2,0.2321,18.73
Hyderabad,Ahmedabad,AIR,879.5,1371.8,MEDIUM,RAIN,17,4,3,0,0.1581,3.48
Bengaluru,Nagpur,ROAD,922.7,491.1,MEDIUM,RAIN,8,6,4,3,0.1508,38.57
Bhopal,Jaipur,ROAD,437.9,897.7,MEDIUM,RAIN,21,0,9,0,0.0542,11.22
Bhubaneswar,Jaipur,ROAD,1258.9,582.6,LOW,CLEAR,8,4,12,1,0.2986,33.26
Coimbatore,Chennai,ROAD,427.4,5292.3,HIGH,SNOW,15,5,11,0,0.1977,21.25
Delhi,Hyderabad,ROAD,1255.4,860.3,MEDIUM,RAIN,13,0,2,2,0.2564,41.28
Pune,Patna,RAIL,1402.5,1321.4,MEDIUM,CLEAR,7,5,3,0,0.2279,28.89
Chennai,Visakhapatnam,ROAD,601.6,2183.0,LOW,CLEAR,10,3,10,2,0.1509,19.12
Pune,Kochi,RAIL,989.7,450.8,HIGH,CLEAR,17,4,4,1,0.0029,25.06
Surat,Pune,ROAD,313.6,1383.6,MEDIUM,STORM,8,0,1,1,0.2,16.02
Hyderabad,Bengaluru,ROAD,500.0,1524.3,LOW,CLEAR,21,3,8,0,0.0302,9.73
Delhi,Chennai,ROAD,1755.8,169.9,LOW,CLEAR,9,2,8,0,0.2884,38.46
Surat,Ahmedabad,RAIL,207.7,1485.1,LOW,CLEAR,15,1,12,3,0.0748,12.85
Delhi,Surat,RAIL,937.9,1038.0,LOW,CLEAR,15,5,6,2,0.1102,19.65
Kolkata,Bhubaneswar,ROAD,364.9,1281.7,LOW,CLEAR,12,3,10,0,0.1655,7.69
Mumbai,Bhubaneswar,ROAD,1361.9,1144.5,LOW,SNOW,15,6,7,0,0.1508,32.0
Delhi,Mumbai,ROAD,1148.1,1496.7,LOW,CLEAR,17,1,12,0,0.1965,23.27
Jaipur,Patna,AIR,943.7,5457.9,HIGH,SNOW,15,5,6,0,0.235,7.91
Bhubaneswar,Hyderabad,ROAD,837.2,266.3,MEDIUM,CLEAR,14,4,9,0,0.2273,20.54
Kochi,Chennai,RAIL,559.5,727.4,HIGH,CLEAR,14,4,12,2,0.2724,19.03
Delhi,Bhopal,ROAD,595.7,2440.5,MEDIUM,SNOW,11,2,11,0,0.141,20.27
Mumbai,Pune,ROAD,120.2,1953.0,MEDIUM,RAIN,4,4,5,2,0.1603,11.41
Pune,Bhopal,RAIL,643.5,1903.2,LOW,SNOW,7,1,7,3,0.2622,22.18
Nagpur,Hyderabad,ROAD,422.9,29860.5,MEDIUM,CLEAR,14,5,8,0,0.0847,40.99
Patna,Bhopal,ROAD,823.9,2291.5,LOW,RAIN,20,3,2,0,0.0738,18.59
Visakhapatnam,Lucknow,AIR,1044.9,4260.4,MEDIUM,RAIN,1,3,3,1,0.0027,8.78
Pune,Kochi,ROAD,989.7,758.6,HIGH,CLEAR,13,4,9,0,0.2215,28.94
Chennai,Delhi,ROAD,1755.8,333.1,HIGH,SNOW,8,0,1,1,0.2063,72.95
Mumbai,Surat,ROAD,232.9,752.1,LOW,CLEAR,14,2,8,1,0.083,8.29
Bengaluru,Hyderabad,ROAD,500.0,2576.9,MEDIUM,CLEAR,17,1,6,0,0.039,14.6
Delhi,Patna,RAIL,853.4,1786.8,LOW,SNOW,16,6,6,2,0.0128,18.7
Bhubaneswar,Delhi,ROAD,1270.2,1779.2,LOW,RAIN,16,2,11,0,0.1464,26.62
Hyderabad,Bhopal,AIR,662.8,847.9,LOW,SNOW,17,0,4,0,0.058,2.14
Visakhapatnam,Guwahati,RAIL,1286.2,700.2,LOW,SNOW,5,0,10,3,0.238,28.37
Bhopal,Delhi,AIR,595.7,883.7,MEDIUM,CLEAR,13,6,10,0,0.285,2.01
Surat,Pune,AIR,313.6,2615.9,LOW,RAIN,8,1,12,0,0.2331,3.21
Lucknow,Visakhapatnam,AIR,1044.9,3007.5,LOW,STORM,20,0,10,0,0.2555,6.26
Visakhapatnam,Surat,RAIL,1155.7,327.8,HIGH,CLEAR,17,1,7,0,0.2972,25.64
Mumbai,Chennai,ROAD,1033.1,2737.5,MEDIUM,CLEAR,6,1,5,0,0.2222,28.79
Delhi,Kolkata,ROAD,1303.8,502.3,LOW,STORM,8,0,10,1,0.1702,42.93
Jaipur,Kochi,RAIL,1888.9,1925.0,MEDIUM,CLEAR,12,6,12,0,0.243,35.0
Ahmedabad,Bhubaneswar,ROAD,1402.2,871.0,MEDIUM,STORM,21,0,4,1,0.1692,52.34
Surat,Ahmedabad,RAIL,207.7,7179.2,MEDIUM,CLEAR,6,5,5,0,0.1298,10.47
Patna,Lucknow,ROAD,440.7,664.0,MEDIUM,SNOW,14,5,6,0,0.0098,12.57
Bhopal,Kochi,AIR,1487.1,1358.8,HIGH,RAIN,10,4,2,2,0.1929,11.58
Hyderabad,Chennai,ROAD,515.2,2270.9,LOW,RAIN,15,0,4,1,0.2693,16.22
Pune,Kolkata,AIR,1575.4,384.2,MEDIUM,SNOW,15,5,2,1,0.2079,7.75
Kochi,Chennai,ROAD,559.5,1004.8,LOW,CLEAR,8,2,10,0,0.1212,12.8
Kolkata,Kochi,ROAD,1906.4,796.4,HIGH,RAIN,17,2,6,0,0.1851,70.63
Surat,Lucknow,AIR,1037.7,592.0,LOW,STORM,6,1,8,2,0.2439,9.89
Surat,Guwahati,AIR,2001.1,647.0,LOW,STORM,18,5,1,2,0.2293,12.98
Kochi,Mumbai,RAIL,1080.2,4164.8,HIGH,STORM,8,4,7,1,0.1474,40.79
Patna,Coimbatore,AIR,1835.2,534.7,MEDIUM,RAIN,14,1,9,0,0.1085,5.28
Lucknow,Kolkata,ROAD,887.0,2163.9,LOW,RAIN,10,2,9,0,0.1191,19.15
Pune,Mumbai,AIR,120.2,1599.6,LOW,RAIN,15,5,10,0,0.2724,1.79
Ahmedabad,Patna,ROAD,1304.5,205.1,LOW,RAIN,8,6,2,0,0.051,26.89
Jaipur,Surat,RAIL,705.5,2044.7,HIGH,RAIN,14,6,7,0,0.2589,16.74
Kolkata,Visakhapatnam,ROAD,763.8,201.1,MEDIUM,CLEAR,0,0,6,0,0.0586,16.62
Indore,Bengaluru,ROAD,1099.4,2330.2,LOW,CLEAR,10,6,11,0,0.2943,26.09
Kolkata,Delhi,RAIL,1303.8,596.7,MEDIUM,RAIN,18,3,9,1,0.1345,29.39
Indore,Bhopal,RAIL,170.1,1107.7,MEDIUM,CLEAR,12,5,12,1,0.22,7.23
Kochi,Bhubaneswar,ROAD,1541.8,232.0,LOW,CLEAR,13,2,1,1,0.2188,33.69
Guwahati,Jaipur,AIR,1588.0,1270.1,HIGH,CLEAR,15,4,6,0,0.2318,4.64
Bengaluru,Kochi,RAIL,367.7,3335.4,LOW,SNOW,11,1,9,1,0.2368,10.64
Kochi,Coimbatore,ROAD,142.3,416.4,HIGH,STORM,18,3,2,3,0.0117,15.56
Delhi,Bhubaneswar,RAIL,1270.2,529.2,MEDIUM,RAIN,11,1,8,0,0.082,18.3
Pune,Surat,ROAD,313.6,1892.3,LOW,STORM,21,2,3,2,0.0689,15.03
Chennai,Nagpur,ROAD,905.3,1949.9,MEDIUM,SNOW,19,2,1,0,0.2096,30.92
Chennai,Surat,RAIL,1196.8,59.1,MEDIUM,CLEAR,11,6,8,1,0.205,22.76
Chennai,Nagpur,ROAD,905.3,12313.9,MEDIUM,CLEAR,10,4,6,0,0.0891,32.82
Mumbai,Bhopal,ROAD,661.4,2067.8,MEDIUM,CLEAR,16,4,5,1,0.2381,20.0
Visakhapatnam,Surat,RAIL,1155.7,2530.8,LOW,CLEAR,17,1,4,2,0.0935,24.58
Delhi,Jaipur,ROAD,235.3,923.1,LOW,RAIN,7,3,9,0,0.1029,5.88
Ahmedabad,Nagpur,AIR,703.1,118.3,MEDIUM,CLEAR,8,3,8,1,0.1197,4.61
Nagpur,Kochi,RAIL,1283.0,2464.3,LOW,STORM,7,5,9,2,0.2234,30.63
Guwahati,Coimbatore,ROAD,2288.2,556.6,LOW,RAIN,17,1,10,1,0.0035,54.69
Bhubaneswar,Indore,RAIL,1065.4,2106.4,MEDIUM,CLEAR,16,0,8,0,0.2719,19.12
Bengaluru,Bhopal,ROAD,1144.2,843.4,LOW,STORM,7,3,1,0,0.2076,36.93
Guwahati,Pune,RAIL,2022.1,1459.2,MEDIUM,STORM,13,5,2,2,0.176,46.31
Nagpur,Mumbai,ROAD,688.0,432.7,HIGH,SNOW,17,5,12,1,0.0712,33.55
Chennai,Delhi,AIR,1755.8,3094.1,HIGH,SNOW,21,5,4,3,0.2357,16.66
Jaipur,Bhopal,ROAD,437.9,263.5,LOW,STORM,7,2,6,0,0.2618,12.4
Coimbatore,Surat,RAIL,1211.7,16231.1,MEDIUM,RAIN,9,1,5,1,0.1505,43.79
Ahmedabad,Jaipur,ROAD,540.5,16083.3,HIGH,SNOW,10,4,12,2,0.0877,39.02
Chennai,Delhi,ROAD,1755.8,7779.4,LOW,CLEAR,15,0,10,2,0.1142,45.19
Bhubaneswar,Nagpur,ROAD,706.9,5067.4,MEDIUM,RAIN,7,6,6,1,0.1249,31.75
Guwahati,Delhi,RAIL,1459.4,990.8,MEDIUM,RAIN,7,4,9,0,0.0918,28.49
Guwahati,Visakhapatnam,AIR,1286.2,4446.4,LOW,CLEAR,17,3,7,1,0.2137,9.53
Guwahati,Visakhapatnam,ROAD,1286.2,977.1,LOW,CLEAR,13,1,8,1,0.1027,26.28
Bhubaneswar,Guwahati,ROAD,887.3,170.0,MEDIUM,CLEAR,7,1,12,0,0.2464,25.59
Lucknow,Hyderabad,ROAD,1082.1,6659.8,LOW,CLEAR,10,6,9,0,0.1391,25.75
Chennai,Hyderabad,ROAD,515.2,4249.6,HIGH,CLEAR,7,0,2,2,0.1887,27.35
Indore,Kochi,AIR,1422.7,1056.2,MEDIUM,CLEAR,10,0,7,0,0.2844,4.22
Kolkata,Bhubaneswar,AIR,364.9,252.1,LOW,SNOW,11,2,10,0,0.1338,1.1
Lucknow,Chennai,AIR,1532.1,542.7,MEDIUM,RAIN,6,1,1,1,0.0511,6.6
Nagpur,Mumbai,ROAD,688.0,123.3,MEDIUM,RAIN,4,4,5,3,0.165,27.3
Coimbatore,Kolkata,ROAD,1766.1,3408.7,LOW,CLEAR,19,0,3,1,0.149,41.13
Hyderabad,Kochi,RAIL,862.8,160.1,HIGH,SNOW,19,5,9,0,0.2348,23.9
Hyderabad,Indore,ROAD,653.6,1547.2,MEDIUM,CLEAR,0,5,2,0,0.2581,17.62
Patna,Ahmedabad,RAIL,1304.5,398.4,MEDIUM,CLEAR,15,1,8,0,0.2138,21.41
Mumbai,Nagpur,ROAD,688.0,197.9,HIGH,RAIN,6,4,1,0,0.2914,23.29
Bhopal,Indore,ROAD,170.1,1459.8,MEDIUM,STORM,17,4,12,2,0.0808,14.94
Patna,Bhopal,AIR,823.9,734.7,MEDIUM,STORM,19,5,4,0,0.0718,3.25
Bhopal,Surat,ROAD,525.7,2998.4,LOW,SNOW,15,5,5,0,0.0874,14.29
Ahmedabad,Bengaluru,AIR,1237.0,239.6,LOW,RAIN,15,6,10,2,0.2013,9.97
Visakhapatnam,Hyderabad,ROAD,502.8,442.0,MEDIUM,RAIN,10,0,5,0,0.0698,12.92
Ahmedabad,Surat,ROAD,207.7,62.5,MEDIUM,RAIN,8,4,2,0,0.0265,5.85
Patna,Bengaluru,ROAD,1610.3,79.7,MEDIUM,CLEAR,13,5,11,0,0.2933,42.37
Lucknow,Bengaluru,ROAD,1581.9,9488.5,MEDIUM,CLEAR,7,1,2,0,0.0944,47.54
Mumbai,Kochi,RAIL,1080.2,13364.0,MEDIUM,STORM,16,1,6,0,0.0667,31.7
Surat,Bengaluru,ROAD,1042.5,1225.7,HIGH,STORM,12,0,2,3,0.1076,55.54
Mumbai,Delhi,RAIL,1148.1,408.1,HIGH,CLEAR,7,6,9,2,0.0475,31.9
Coimbatore,Indore,AIR,1306.5,766.5,LOW,CLEAR,14,6,4,1,0.0107,7.06
Indore,Kolkata,ROAD,1283.1,3128.4,HIGH,CLEAR,17,0,12,1,0.0916,47.05
Ahmedabad,Pune,ROAD,518.1,591.5,HIGH,CLEAR,14,1,3,0,0.1014,15.74
Lucknow,Kolkata,ROAD,887.0,1458.5,LOW,CLEAR,13,3,9,2,0.2433,24.27
Indore,Kochi,RAIL,1422.7,1080.0,LOW,RAIN,18,6,1,0,0.1307,23.52
Hyderabad,Nagpur,RAIL,422.9,554.1,LOW,CLEAR,0,5,2,0,0.221,5.71
Hyderabad,Kolkata,ROAD,1181.9,583.2,MEDIUM,CLEAR,15,6,4,0,0.2207,27.26
Jaipur,Nagpur,RAIL,723.5,1559.3,MEDIUM,CLEAR,11,5,11,1,0.2367,17.63
Hyderabad,Patna,ROAD,1142.6,339.6,MEDIUM,SNOW,7,4,12,0,0.2756,38.71
Kochi,Surat,ROAD,1302.6,1885.7,MEDIUM,CLEAR,22,2,8,0,0.1496,33.02
Bengaluru,Bhopal,ROAD,1144.2,622.7,LOW,CLEAR,11,4,5,0,0.0312,20.85
Visakhapatnam,Coimbatore,AIR,1002.3,1277.7,LOW,RAIN,10,3,4,0,0.0116,3.78
Pune,Lucknow,ROAD,1176.7,5771.9,HIGH,SNOW,7,6,3,0,0.0561,55.57
Bhopal,Ahmedabad,ROAD,495.7,896.2,HIGH,CLEAR,23,3,5,1,0.2488,18.35
Chennai,Surat,ROAD,1196.8,3306.9,MEDIUM,RAIN,18,5,6,0,0.1723,35.53
Ahmedabad,Visakhapatnam,RAIL,1257.9,127.7,LOW,CLEAR,4,1,9,1,0.042,16.53
Kochi,Patna,ROAD,1976.9,623.6,LOW,RAIN,14,4,3,0,0.0398,37.64
Hyderabad,Delhi,ROAD,1255.4,1133.7,LOW,CLEAR,7,3,1,0,0.2675,27.01
Bengaluru,Lucknow,ROAD,1581.9,11025.8,MEDIUM,STORM,16,3,7,1,0.156,63.64
Surat,Patna,RAIL,1348.1,104.4,LOW,STORM,12,5,3,1,0.0516,24.0
Chennai,Kolkata,ROAD,1358.4,977.1,HIGH,SNOW,6,3,5,0,0.269,55.63
Pune,Guwahati,AIR,2022.1,6298.2,MEDIUM,STORM,14,0,9,1,0.2162,15.35
Lucknow,Visakhapatnam,ROAD,1044.9,427.5,MEDIUM,CLEAR,19,2,11,2,0.1433,31.8
Bhopal,Visakhapatnam,ROAD,865.7,849.5,LOW,RAIN,10,6,7,0,0.1395,19.7
Indore,Delhi,AIR,669.2,1632.9,LOW,CLEAR,3,6,12,1,0.2018,5.87
Nagpur,Bhopal,AIR,291.6,1368.4,MEDIUM,CLEAR,21,4,4,0,0.1015,2.13
Visakhapatnam,Surat,ROAD,1155.7,7179.1,MEDIUM,RAIN,7,4,9,2,0.3,47.12
Delhi,Indore,AIR,669.2,1878.4,LOW,RAIN,12,1,12,0,0.2354,3.59
Ahmedabad,Bhubaneswar,RAIL,1402.2,5395.5,HIGH,RAIN,13,5,3,2,0.1923,45.38
Mumbai,Ahmedabad,ROAD,440.0,711.9,LOW,SNOW,8,4,9,1,0.2062,14.0
Mumbai,Surat,AIR,232.9,451.0,LOW,RAIN,7,0,6,1,0.2988,3.84
Kolkata,Nagpur,RAIL,970.1,836.4,HIGH,STORM,6,6,11,0,0.0032,25.44
Bhopal,Kochi,ROAD,1487.1,272.9,LOW,SNOW,4,5,4,1,0.0068,35.64
Bhubaneswar,Kochi,RAIL,1541.8,1959.0,LOW,SNOW,13,0,12,0,0.2355,26.8
Kochi,Pune,ROAD,989.7,690.2,MEDIUM,CLEAR,18,2,10,0,0.0628,24.72
Indore,Guwahati,ROAD,1650.8,489.7,LOW,RAIN,6,5,9,0,0.2055,32.81
Kochi,Mumbai,AIR,1080.2,1995.0,LOW,RAIN,16,5,1,1,0.151,7.28
Chennai,Lucknow,RAIL,1532.1,278.0,LOW,STORM,11,1,1,1,0.0956,26.53
Visakhapatnam,Indore,RAIL,950.0,2764.5,LOW,CLEAR,2,0,8,2,0.0694,20.17
Bhubaneswar,Delhi,RAIL,1270.2,617.7,MEDIUM,CLEAR,13,6,6,0,0.233,20.77
Delhi,Lucknow,RAIL,417.0,4406.9,LOW,CLEAR,8,6,4,2,0.0513,16.14
Lucknow,Bhopal,ROAD,534.5,684.5,MEDIUM,CLEAR,14,5,11,2,0.0476,20.91
Visakhapatnam,Indore,AIR,950.0,2340.9,HIGH,SNOW,10,4,6,2,0.1326,10.48
Lucknow,Bengaluru,RAIL,1581.9,1360.3,LOW,CLEAR,15,4,6,1,0.0358,22.61
Visakhapatnam,Hyderabad,RAIL,502.8,2677.6,LOW,CLEAR,20,3,4,0,0.1925,9.63
Coimbatore,Kolkata,ROAD,1766.1,1251.3,LOW,RAIN,8,4,12,2,0.2976,47.16
Lucknow,Indore,ROAD,688.7,149.0,LOW,CLEAR,20,2,5,1,0.2244,15.31
Delhi,Pune,ROAD,1173.0,3679.6,LOW,CLEAR,8,0,4,1,0.181,30.2
Pune,Bhopal,ROAD,643.5,987.1,MEDIUM,RAIN,4,2,9,0,0.1184,16.51
Kolkata,Patna,ROAD,469.2,2828.3,LOW,RAIN,7,2,1,0,0.2964,12.62
Lucknow,Kochi,RAIL,1944.0,2510.6,MEDIUM,STORM,18,2,8,0,0.264,47.67
Bhopal,Chennai,AIR,1171.1,433.6,MEDIUM,RAIN,16,3,7,1,0.2462,6.49
Lucknow,Coimbatore,ROAD,1809.1,365.9,HIGH,STORM,21,0,3,0,0.069,77.57
Chennai,Mumbai,ROAD,1033.1,2407.7,LOW,CLEAR,16,2,10,2,0.0371,26.27
Pune,Mumbai,RAIL,120.2,762.1,LOW,SNOW,11,3,1,0,0.0534,2.36
Nagpur,Kolkata,ROAD,970.1,3373.5,HIGH,RAIN,19,1,12,0,0.0776,36.22
Mumbai,Bhubaneswar,AIR,1361.9,885.5,LOW,RAIN,21,3,11,0,0.0245,4.11
Kolkata,Nagpur,ROAD,970.1,3744.7,MEDIUM,CLEAR,17,4,3,0,0.2665,30.91
Bhubaneswar,Jaipur,ROAD,1258.9,1822.5,MEDIUM,CLEAR,14,2,6,0,0.0556,27.31
Delhi,Mumbai,ROAD,1148.1,1549.3,MEDIUM,CLEAR,18,0,3,1,0.068,36.28
Jaipur,Mumbai,AIR,920.7,700.1,LOW,SNOW,7,4,8,3,0.2664,11.14
Kolkata,Lucknow,ROAD,887.0,1449.4,LOW,SNOW,19,4,5,0,0.2874,23.41
Bengaluru,Bhopal,RAIL,1144.2,4589.0,MEDIUM,CLEAR,23,2,6,0,0.0665,21.76
Jaipur,Surat,ROAD,705.5,1027.6,MEDIUM,RAIN,15,0,12,1,0.0883,21.93
Surat,Hyderabad,ROAD,727.5,2074.4,MEDIUM,RAIN,7,0,8,0,0.24,24.38
Chennai,Kochi,AIR,559.5,1159.4,MEDIUM,RAIN,7,0,11,1,0.2911,5.77
Delhi,Bhopal,ROAD,595.7,1273.5,HIGH,CLEAR,21,5,8,1,0.1949,22.37
Bengaluru,Hyderabad,ROAD,500.0,8674.1,HIGH,SNOW,19,2,6,2,0.1328,35.79
Nagpur,Jaipur,RAIL,723.5,4638.2,MEDIUM,RAIN,17,2,1,0,0.2024,17.78
Bhubaneswar,Bengaluru,AIR,1196.1,1206.3,LOW,RAIN,21,4,2,3,0.2341,13.35
Chennai,Coimbatore,ROAD,427.4,1418.5,MEDIUM,RAIN,13,4,7,3,0.0338,20.8
Pune,Kochi,ROAD,989.7,472.4,MEDIUM,RAIN,19,0,7,0,0.1306,27.95
Pune,Hyderabad,AIR,505.8,891.1,MEDIUM,CLEAR,7,6,7,0,0.2572,2.0
Ahmedabad,Nagpur,RAIL,703.1,1589.7,LOW,STORM,7,1,11,0,0.2116,12.79
Kolkata,Nagpur,AIR,970.1,3043.4,MEDIUM,CLEAR,13,5,2,0,0.0461,5.24
Delhi,Indore,RAIL,669.2,2694.8,LOW,SNOW,9,5,8,3,0.2266,23.2
Surat,Delhi,RAIL,937.9,289.7,LOW,SNOW,11,3,9,0,0.2002,11.78
Ahmedabad,Bhubaneswar,ROAD,1402.2,3541.8,HIGH,RAIN,17,1,8,0,0.0794,56.9
Pune,Guwahati,ROAD,2022.1,985.8,MEDIUM,RAIN,3,3,3,0,0.1032,50.78
Hyderabad,Guwahati,RAIL,1677.6,335.5,MEDIUM,CLEAR,16,1,5,1,0.0943,27.11
Coimbatore,Guwahati,RAIL,2288.2,5451.6,MEDIUM,CLEAR,6,5,1,2,0.298,47.38
Indore,Coimbatore,AIR,1306.5,6348.3,MEDIUM,RAIN,18,5,3,1,0.0551,12.0
Jaipur,Patna,RAIL,943.7,1504.9,LOW,CLEAR,7,5,10,1,0.2488,17.61
Kolkata,Delhi,ROAD,1303.8,2567.2,MEDIUM,CLEAR,16,5,8,0,0.1592,32.6
Visakhapatnam,Lucknow,ROAD,1044.9,2754.4,LOW,STORM,14,1,11,1,0.2642,37.08
Bhubaneswar,Kolkata,RAIL,364.9,5854.3,MEDIUM,CLEAR,10,0,9,0,0.2946,11.94
Mumbai,Kolkata,ROAD,1654.8,2627.2,LOW,CLEAR,8,4,3,0,0.2883,42.22
Coimbatore,Visakhapatnam,RAIL,1002.3,222.9,HIGH,CLEAR,3,4,10,1,0.2563,23.85
Nagpur,Visakhapatnam,RAIL,579.2,12231.5,MEDIUM,RAIN,10,6,9,3,0.1241,31.75
Delhi,Surat,ROAD,937.9,3939.4,MEDIUM,CLEAR,7,4,3,1,0.0814,29.58
Kochi,Patna,RAIL,1976.9,595.0,LOW,SNOW,7,5,1,1,0.0958,34.85
Bengaluru,Kolkata,RAIL,1560.7,318.8,LOW,RAIN,16,2,10,0,0.1959,20.14
Delhi,Bhubaneswar,AIR,1270.2,2009.8,MEDIUM,CLEAR,8,0,9,0,0.1026,4.83
Bengaluru,Lucknow,ROAD,1581.9,785.3,MEDIUM,CLEAR,8,0,2,1,0.1305,44.81
Lucknow,Surat,RAIL,1037.7,1629.4,MEDIUM,CLEAR,10,3,6,1,0.0239,20.1
Indore,Lucknow,ROAD,688.7,2676.0,HIGH,SNOW,12,0,11,1,0.2313,31.89
Jaipur,Kolkata,RAIL,1357.8,555.7,MEDIUM,CLEAR,13,3,10,1,0.0334,23.07
Bengaluru,Visakhapatnam,ROAD,799.0,287.3,MEDIUM,CLEAR,15,2,10,0,0.1011,17.9
Chennai,Kochi,AIR,559.5,1742.3,MEDIUM,CLEAR,14,1,5,0,0.1771,2.86
Bhubaneswar,Nagpur,AIR,706.9,578.2,MEDIUM,CLEAR,12,4,2,0,0.1594,2.22
Guwahati,Ahmedabad,RAIL,1966.8,1306.8,MEDIUM,RAIN,11,4,5,1,0.2679,36.5
Kochi,Indore,RAIL,1422.7,218.8,MEDIUM,CLEAR,8,0,9,3,0.1976,34.98
Bengaluru,Guwahati,ROAD,2080.0,810.3,LOW,STORM,16,3,11,1,0.2367,59.44
Visakhapatnam,Indore,RAIL,950.0,2586.2,LOW,CLEAR,9,6,8,1,0.091,19.81
Nagpur,Lucknow,ROAD,661.4,2269.1,LOW,RAIN,18,2,1,1,0.0397,17.5
Surat,Hyderabad,RAIL,727.5,425.8,HIGH,RAIN,14,5,8,0,0.223,16.73
Bengaluru,Surat,ROAD,1042.5,269.9,MEDIUM,CLEAR,15,2,3,0,0.0461,21.8
Guwahati,Ahmedabad,RAIL,1966.8,1117.6,LOW,RAIN,13,1,8,0,0.2502,27.32
Jaipur,Indore,ROAD,466.3,2150.0,MEDIUM,SNOW,20,5,5,2,0.2829,22.34
Mumbai,Chennai,RAIL,1033.1,1783.3,MEDIUM,SNOW,11,2,7,0,0.0849,18.0
Kolkata,Kochi,RAIL,1906.4,593.1,HIGH,STORM,11,6,8,1,0.2283,56.1
Jaipur,Ahmedabad,ROAD,540.5,1567.7,HIGH,RAIN,19,4,8,0,0.1312,21.77
Delhi,Jaipur,ROAD,235.3,6653.0,HIGH,CLEAR,14,5,1,1,0.0897,16.63
Pune,Surat,AIR,313.6,1402.7,HIGH,STORM,11,5,12,0,0.1293,2.31
Lucknow,Jaipur,RAIL,511.7,154.5,LOW,CLEAR,8,6,7,3,0.194,16.71
Coimbatore,Kochi,ROAD,142.3,1399.5,LOW,RAIN,8,3,7,0,0.2964,5.03
Delhi,Kolkata,ROAD,1303.8,12743.1,MEDIUM,SNOW,17,6,5,2,0.09,61.38
Bhopal,Kochi,ROAD,1487.1,234.0,MEDIUM,SNOW,9,0,2,1,0.2118,54.82
Coimbatore,Kolkata,RAIL,1766.1,1136.5,LOW,STORM,0,3,8,0,0.1005,27.58
Visakhapatnam,Ahmedabad,RAIL,1257.9,835.8,MEDIUM,CLEAR,1,2,5,1,0.0754,23.99
Coimbatore,Bhopal,ROAD,1362.2,1230.4,LOW,RAIN,22,0,11,1,0.1896,30.99
Chennai,Bhubaneswar,RAIL,996.3,1384.5,LOW,CLEAR,14,6,8,0,0.2284,13.8
Visakhapatnam,Kolkata,RAIL,763.8,4306.9,LOW,SNOW,12,5,6,1,0.2152,17.45
Guwahati,Bhopal,RAIL,1481.2,1214.1,HIGH,RAIN,20,5,1,1,0.2828,37.32
Pune,Delhi,ROAD,1173.0,5078.2,MEDIUM,CLEAR,10,4,7,1,0.0322,32.47
Lucknow,Delhi,ROAD,417.0,952.2,MEDIUM,SNOW,17,4,11,1,0.1622,18.73
Surat,Kochi,ROAD,1302.6,720.4,HIGH,CLEAR,16,2,6,1,0.0873,39.76
Lucknow,Patna,ROAD,440.7,491.3,HIGH,RAIN,12,4,8,0,0.2451,14.6
Hyderabad,Ahmedabad,ROAD,879.5,123.9,LOW,STORM,17,6,2,0,0.0186,27.59
Guwahati,Indore,ROAD,1650.8,1526.8,MEDIUM,RAIN,21,1,5,0,0.0527,44.06
Guwahati,Ahmedabad,ROAD,1966.8,12897.6,LOW,RAIN,7,2,10,1,0.2316,63.4
Ahmedabad,Hyderabad,RAIL,879.5,1900.5,MEDIUM,CLEAR,1,0,6,0,0.1064,15.92
Visakhapatnam,Jaipur,ROAD,1278.6,2500.1,LOW,CLEAR,18,6,11,0,0.2045,30.29
Ahmedabad,Pune,RAIL,518.1,668.0,MEDIUM,CLEAR,11,3,5,1,0.2996,11.97
Kochi,Visakhapatnam,ROAD,1142.8,817.9,MEDIUM,CLEAR,13,4,10,0,0.138,29.6
Bhopal,Jaipur,RAIL,437.9,3574.5,LOW,CLEAR,8,1,8,0,0.1599,10.37
Lucknow,Pune,ROAD,1176.7,12215.2,MEDIUM,RAIN,18,0,12,2,0.2926,55.24
Bengaluru,Surat,RAIL,1042.5,6539.0,MEDIUM,RAIN,16,5,7,1,0.2239,28.96
Nagpur,Kochi,RAIL,1283.0,2882.2,MEDIUM,CLEAR,21,6,6,1,0.059,26.87
Pune,Hyderabad,ROAD,505.8,1143.9,LOW,RAIN,12,2,5,0,0.2413,10.74
Kolkata,Coimbatore,RAIL,1766.1,1410.4,LOW,STORM,22,5,8,1,0.1548,32.65
Chennai,Lucknow,ROAD,1532.1,444.0,LOW,CLEAR,13,4,12,2,0.2362,37.61
Guwahati,Nagpur,RAIL,1402.1,192.9,HIGH,RAIN,15,4,3,0,0.1796,30.46
Bengaluru,Guwahati,ROAD,2080.0,283.7,HIGH,CLEAR,16,1,12,0,0.0682,60.21
Kochi,Jaipur,ROAD,1888.9,1164.2,LOW,RAIN,12,4,12,0,0.2443,42.63
Bhubaneswar,Chennai,ROAD,996.3,772.5,MEDIUM,RAIN,14,1,10,2,0.0006,31.09
Mumbai,Patna,AIR,1453.2,188.0,MEDIUM,CLEAR,8,1,7,0,0.2664,3.61
Bhopal,Mumbai,ROAD,661.4,1048.6,HIGH,CLEAR,10,2,11,0,0.2456,21.54
Bhopal,Lucknow,RAIL,534.5,748.4,LOW,SNOW,16,1,4,1,0.291,11.75
Ahmedabad,Guwahati,ROAD,1966.8,268.4,MEDIUM,CLEAR,2,6,8,3,0.0107,55.85
Nagpur,Jaipur,ROAD,723.5,703.3,MEDIUM,RAIN,16,0,10,0,0.1313,19.96
Jaipur,Nagpur,ROAD,723.5,746.1,LOW,RAIN,9,6,10,1,0.0507,21.5
Jaipur,Surat,AIR,705.5,523.2,LOW,CLEAR,8,1,8,3,0.1122,10.76
Jaipur,Kolkata,RAIL,1357.8,3334.3,LOW,RAIN,16,6,5,0,0.1079,21.15
Visakhapatnam,Pune,ROAD,993.7,111.8,MEDIUM,RAIN,8,2,12,1,0.1793,33.86
Indore,Surat,RAIL,356.5,101.2,MEDIUM,CLEAR,21,6,9,0,0.1312,5.73
Ahmedabad,Bengaluru,ROAD,1237.0,1101.0,MEDIUM,STORM,23,3,10,0,0.2897,41.39
Coimbatore,Jaipur,ROAD,1771.7,1230.7,LOW,CLEAR,12,3,8,0,0.0833,30.54
Visakhapatnam,Jaipur,RAIL,1278.6,1781.2,HIGH,RAIN,11,0,11,0,0.1256,26.86
Coimbatore,Visakhapatnam,ROAD,1002.3,574.3,LOW,CLEAR,5,3,6,0,0.2102,18.6
Patna,Bengaluru,ROAD,1610.3,364.5,HIGH,CLEAR,17,3,7,1,0.083,54.82
Ahmedabad,Visakhapatnam,RAIL,1257.9,1087.0,LOW,RAIN,7,6,10,0,0.2171,21.37
Kochi,Jaipur,ROAD,1888.9,645.6,HIGH,RAIN,20,1,7,0,0.2126,61.99
Pune,Nagpur,AIR,620.1,7053.5,HIGH,CLEAR,23,0,3,1,0.2137,12.15
Hyderabad,Bhopal,RAIL,662.8,743.2,HIGH,RAIN,6,1,10,2,0.2025,19.47
Lucknow,Hyderabad,AIR,1082.1,1028.8,HIGH,RAIN,16,1,5,0,0.2452,3.72
Guwahati,Coimbatore,RAIL,2288.2,21386.2,LOW,CLEAR,12,6,2,0,0.2985,52.15
Bhopal,Kolkata,AIR,1124.0,868.1,MEDIUM,SNOW,13,1,5,0,0.0166,3.38
Ahmedabad,Mumbai,ROAD,440.0,2137.5,MEDIUM,RAIN,7,6,1,2,0.1491,22.57
Lucknow,Kochi,RAIL,1944.0,2381.7,MEDIUM,RAIN,16,0,11,2,0.2439,39.41
Hyderabad,Indore,RAIL,653.6,2637.8,HIGH,SNOW,7,5,12,0,0.0,20.76
Nagpur,Bhubaneswar,AIR,706.9,1552.1,LOW,RAIN,19,2,4,0,0.1635,3.02
Ahmedabad,Lucknow,ROAD,945.1,1383.8,MEDIUM,STORM,12,0,11,1,0.1979,38.26
Bhopal,Mumbai,RAIL,661.4,1236.9,HIGH,SNOW,15,4,9,1,0.0575,17.55
Ahmedabad,Mumbai,RAIL,440.0,549.4,LOW,CLEAR,20,5,12,0,0.1202,6.11
Pune,Jaipur,ROAD,953.9,1620.7,LOW,CLEAR,16,5,2,0,0.2368,21.34
Guwahati,Kolkata,AIR,523.8,12511.1,LOW,STORM,13,1,1,0,0.02,14.61
Pune,Coimbatore,ROAD,898.3,4688.3,MEDIUM,SNOW,11,4,12,1,0.0405,29.67
Delhi,Bengaluru,ROAD,1739.8,1579.2,HIGH,CLEAR,12,3,4,3,0.2454,62.01
Ahmedabad,Bhubaneswar,RAIL,1402.2,3062.5,LOW,CLEAR,10,3,8,0,0.2428,21.27
Surat,Kolkata,ROAD,1609.7,386.4,MEDIUM,CLEAR,21,6,11,2,0.1771,46.94
Delhi,Bengaluru,ROAD,1739.8,802.2,MEDIUM,SNOW,8,2,5,0,0.1249,57.58
Pune,Hyderabad,ROAD,505.8,3420.1,MEDIUM,STORM,11,2,2,1,0.0317,20.46
Chennai,Bengaluru,ROAD,290.2,6532.9,MEDIUM,SNOW,17,3,10,2,0.2434,23.49
Surat,Jaipur,RAIL,705.5,434.8,HIGH,CLEAR,10,6,6,1,0.0725,18.93
Patna,Pune,AIR,1402.5,613.8,LOW,SNOW,19,6,1,0,0.274,3.98
Guwahati,Surat,RAIL,2001.1,15027.7,LOW,CLEAR,8,4,5,0,0.2328,43.68
Ahmedabad,Surat,ROAD,207.7,1230.9,MEDIUM,CLEAR,2,0,7,2,0.0243,12.07
Bhubaneswar,Mumbai,RAIL,1361.9,9779.4,MEDIUM,CLEAR,15,2,11,1,0.1906,36.37
Kolkata,Bengaluru,AIR,1560.7,1405.6,MEDIUM,RAIN,13,0,3,0,0.2762,5.49
Kochi,Chennai,RAIL,559.5,1473.5,LOW,RAIN,20,0,7,1,0.2638,11.71
Bhopal,Chennai,ROAD,1171.1,760.1,LOW,CLEAR,11,5,3,0,0.184,23.49
Kochi,Delhi,ROAD,2079.7,3398.4,HIGH,CLEAR,7,5,4,0,0.0516,75.4
Kochi,Pune,AIR,989.7,5593.3,LOW,SNOW,9,0,4,2,0.2041,13.87
Surat,Pune,AIR,313.6,316.7,MEDIUM,CLEAR,11,3,7,0,0.1998,0.92
Hyderabad,Pune,ROAD,505.8,718.4,MEDIUM,CLEAR,14,1,8,0,0.1766,12.75
Surat,Lucknow,AIR,1037.7,3288.2,LOW,CLEAR,8,0,2,0,0.0797,5.77
Visakhapatnam,Surat,ROAD,1155.7,938.7,LOW,CLEAR,13,2,1,2,0.2701,30.27
Guwahati,Pune,ROAD,2022.1,606.6,LOW,CLEAR,19,0,9,0,0.1508,43.9
Coimbatore,Kolkata,RAIL,1766.1,3682.9,MEDIUM,RAIN,11,5,4,0,0.0891,32.6
Chennai,Jaipur,RAIL,1607.1,4122.2,LOW,CLEAR,15,6,8,0,0.0766,23.73
Bhopal,Mumbai,ROAD,661.4,639.3,MEDIUM,CLEAR,8,2,1,0,0.0843,18.63
Bengaluru,Lucknow,AIR,1581.9,1414.9,LOW,SNOW,17,1,8,0,0.1383,5.17
Nagpur,Coimbatore,AIR,1149.0,257.2,LOW,CLEAR,8,3,11,0,0.0693,2.83
Guwahati,Ahmedabad,ROAD,1966.8,374.4,LOW,SNOW,14,6,6,0,0.1552,44.4
Delhi,Bengaluru,RAIL,1739.8,1272.8,LOW,CLEAR,9,1,7,1,0.0576,26.14
Nagpur,Patna,RAIL,790.9,1138.8,LOW,STORM,4,4,4,0,0.0813,12.71
Coimbatore,Bengaluru,RAIL,228.2,343.7,HIGH,CLEAR,9,0,4,0,0.0359,5.09
Visakhapatnam,Chennai,AIR,601.6,464.4,LOW,RAIN,8,2,1,1,0.1072,4.59
Ahmedabad,Bengaluru,RAIL,1237.0,305.5,MEDIUM,RAIN,19,3,6,0,0.1218,23.25
Bengaluru,Bhubaneswar,ROAD,1196.1,1893.3,MEDIUM,RAIN,8,2,12,0,0.1211,36.6
Coimbatore,Guwahati,ROAD,2288.2,103.4,MEDIUM,SNOW,22,1,2,3,0.2175,76.15
Coimbatore,Bhopal,AIR,1362.2,325.7,MEDIUM,CLEAR,12,5,5,1,0.145,6.36
Bhopal,Indore,AIR,170.1,117.3,LOW,CLEAR,8,4,11,1,0.2079,3.24
Guwahati,Indore,ROAD,1650.8,1813.2,MEDIUM,SNOW,11,3,6,1,0.0099,48.47
Mumbai,Indore,ROAD,509.8,126.1,LOW,SNOW,7,2,10,3,0.131,21.58
Indore,Surat,RAIL,356.5,1139.2,MEDIUM,CLEAR,18,0,5,0,0.0269,7.13
Mumbai,Guwahati,ROAD,2086.3,7843.4,LOW,RAIN,6,4,8,0,0.1386,44.96
Coimbatore,Patna,ROAD,1835.2,8169.2,MEDIUM,SNOW,19,1,12,2,0.1846,70.71
Nagpur,Delhi,AIR,851.7,125.6,MEDIUM,SNOW,3,2,8,0,0.239,2.07
Coimbatore,Ahmedabad,AIR,1413.7,1568.8,MEDIUM,SNOW,9,6,10,1,0.1651,8.18
Bhopal,Guwahati,AIR,1481.2,334.7,LOW,SNOW,7,4,9,0,0.1139,3.66
Delhi,Jaipur,RAIL,235.3,262.0,MEDIUM,CLEAR,16,4,2,0,0.0793,3.96
Mumbai,Kolkata,ROAD,1654.8,957.0,MEDIUM,RAIN,13,1,2,1,0.2872,47.07
Pune,Bhubaneswar,AIR,1270.3,4788.4,MEDIUM,CLEAR,20,3,8,1,0.0595,10.41
Patna,Indore,ROAD,994.0,2252.0,LOW,CLEAR,10,0,5,1,0.0127,22.47
Chennai,Bhopal,ROAD,1171.1,464.9,LOW,SNOW,2,1,6,0,0.0378,25.01
Bhubaneswar,Jaipur,AIR,1258.9,2555.6,LOW,RAIN,17,5,6,0,0.2993,5.65
Kolkata,Bengaluru,RAIL,1560.7,74.3,MEDIUM,CLEAR,14,3,10,1,0.2718,25.89
Lucknow,Ahmedabad,AIR,945.1,444.3,MEDIUM,RAIN,18,4,12,0,0.0961,2.63
Kolkata,Jaipur,ROAD,1357.8,408.0,MEDIUM,CLEAR,11,5,12,1,0.0012,35.75
Lucknow,Coimbatore,AIR,1809.1,1204.7,MEDIUM,CLEAR,16,6,1,1,0.2302,8.76
Lucknow,Pune,RAIL,1176.7,859.7,MEDIUM,RAIN,7,0,9,0,0.0902,21.12
Mumbai,Bengaluru,RAIL,845.3,925.4,MEDIUM,RAIN,23,4,9,0,0.0066,12.58
Bhopal,Jaipur,AIR,437.9,889.2,MEDIUM,RAIN,7,6,11,1,0.137,5.19
Kochi,Guwahati,ROAD,2429.0,1126.5,MEDIUM,CLEAR,18,1,6,0,0.1272,64.45
Coimbatore,Lucknow,RAIL,1809.1,2096.8,LOW,RAIN,8,6,7,0,0.1085,26.74
Pune,Ahmedabad,RAIL,518.1,1311.9,HIGH,CLEAR,17,4,6,3,0.196,18.69
Bhubaneswar,Nagpur,RAIL,706.9,779.6,HIGH,STORM,18,2,5,0,0.2178,20.56
Bhubaneswar,Indore,AIR,1065.4,1776.0,MEDIUM,CLEAR,19,5,3,1,0.1678,6.92
Guwahati,Hyderabad,RAIL,1677.6,2955.3,HIGH,SNOW,12,6,8,0,0.0042,38.88
Ahmedabad,Guwahati,ROAD,1966.8,562.7,HIGH,CLEAR,11,0,1,0,0.0067,58.35
Bhubaneswar,Bhopal,ROAD,928.8,1021.2,MEDIUM,CLEAR,18,4,9,1,0.2645,28.02
Bhopal,Delhi,AIR,595.7,4421.7,MEDIUM,CLEAR,14,6,11,0,0.0559,5.65
Delhi,Jaipur,AIR,235.3,292.0,MEDIUM,SNOW,15,4,3,1,0.1194,4.27
Hyderabad,Coimbatore,AIR,727.1,9562.9,LOW,STORM,8,3,3,0,0.0311,11.69
Nagpur,Ahmedabad,ROAD,703.1,219.9,LOW,RAIN,11,0,7,1,0.0688,16.42
Chennai,Bhopal,ROAD,1171.1,724.6,MEDIUM,CLEAR,10,3,11,1,0.1456,30.38
Jaipur,Indore,RAIL,466.3,350.6,MEDIUM,CLEAR,15,6,2,1,0.0707,10.96
Kochi,Patna,RAIL,1976.9,15146.3,LOW,RAIN,7,5,6,0,0.1977,46.4
Bengaluru,Bhubaneswar,ROAD,1196.1,599.4,MEDIUM,CLEAR,11,3,3,0,0.1102,26.23
Lucknow,Bengaluru,RAIL,1581.9,601.2,MEDIUM,STORM,18,2,11,0,0.2365,36.08
Kolkata,Surat,ROAD,1609.7,702.8,MEDIUM,CLEAR,13,5,11,2,0.1806,44.22
Surat,Chennai,ROAD,1196.8,1229.9,LOW,SNOW,19,6,2,1,0.0762,34.6
Kolkata,Nagpur,ROAD,970.1,739.4,MEDIUM,SNOW,8,2,2,1,0.2425,39.19
Guwahati,Bengaluru,ROAD,2080.0,935.0,LOW,CLEAR,11,5,2,0,0.2796,43.48
Delhi,Lucknow,ROAD,417.0,15.9,LOW,CLEAR,13,2,10,0,0.036,7.06
Guwahati,Pune,AIR,2022.1,1174.5,LOW,SNOW,11,5,11,0,0.2009,6.19
Kochi,Chennai,RAIL,559.5,1120.3,LOW,CLEAR,16,6,5,0,0.1892,8.31
Bhubaneswar,Visakhapatnam,AIR,399.0,3813.4,LOW,RAIN,7,4,2,0,0.2009,4.42
Bhubaneswar,Kolkata,ROAD,364.9,5275.7,MEDIUM,SNOW,13,3,8,0,0.0094,16.45
Chennai,Hyderabad,ROAD,515.2,875.5,MEDIUM,CLEAR,7,2,11,0,0.0084,13.64
Coimbatore,Bhubaneswar,ROAD,1401.3,2920.4,LOW,SNOW,15,0,11,1,0.0884,32.07
Bhopal,Bhubaneswar,RAIL,928.8,292.4,HIGH,CLEAR,18,0,6,0,0.0241,18.95
Guwahati,Mumbai,ROAD,2086.3,2754.0,MEDIUM,RAIN,1,5,10,0,0.1098,60.08
Bhubaneswar,Hyderabad,RAIL,837.2,551.7,HIGH,CLEAR,12,4,12,1,0.2617,18.95
Bhopal,Patna,AIR,823.9,264.6,MEDIUM,RAIN,12,1,10,1,0.1063,5.6
Ahmedabad,Kochi,AIR,1507.8,877.7,LOW,CLEAR,16,3,6,0,0.1179,4.09
Bengaluru,Guwahati,ROAD,2080.0,5887.4,HIGH,CLEAR,5,6,4,1,0.0803,74.73
Bengaluru,Bhopal,RAIL,1144.2,1362.7,HIGH,CLEAR,11,4,5,0,0.1265,23.47
Ahmedabad,Mumbai,ROAD,440.0,6606.3,MEDIUM,CLEAR,17,6,5,1,0.2393,22.57
Visakhapatnam,Bhubaneswar,ROAD,399.0,446.5,MEDIUM,RAIN,13,0,12,2,0.2493,17.05
Surat,Chennai,RAIL,1196.8,3856.1,MEDIUM,CLEAR,17,0,9,0,0.1263,24.53
Lucknow,Bengaluru,RAIL,1581.9,501.4,MEDIUM,CLEAR,10,4,11,1,0.1191,25.94
Kolkata,Nagpur,RAIL,970.1,1437.1,MEDIUM,CLEAR,20,4,10,0,0.0585,16.05
Bhopal,Indore,ROAD,170.1,1422.3,MEDIUM,CLEAR,5,4,6,0,0.2927,5.02
Indore,Delhi,AIR,669.2,2425.5,LOW,CLEAR,6,6,10,0,0.0933,4.0
Guwahati,Chennai,AIR,1882.2,1481.6,LOW,CLEAR,13,0,8,0,0.1028,5.49
Patna,Bhopal,ROAD,823.9,451.7,LOW,RAIN,12,6,9,0,0.129,17.6
Indore,Hyderabad,AIR,653.6,3153.8,LOW,RAIN,15,0,4,0,0.0241,4.06
Coimbatore,Nagpur,ROAD,1149.0,8760.3,LOW,RAIN,8,3,3,0,0.0986,32.02
Jaipur,Bhopal,RAIL,437.9,544.3,HIGH,CLEAR,8,5,3,0,0.2792,10.93
Coimbatore,Lucknow,AIR,1809.1,121.2,LOW,SNOW,17,4,4,0,0.0223,4.09
Ahmedabad,Pune,AIR,518.1,1996.6,LOW,RAIN,9,1,12,0,0.0721,3.07
Bengaluru,Nagpur,AIR,922.7,737.0,LOW,RAIN,16,4,12,0,0.0653,3.29
Jaipur,Surat,ROAD,705.5,937.0,MEDIUM,CLEAR,15,6,2,0,0.0705,17.17
Bengaluru,Bhopal,AIR,1144.2,2137.5,MEDIUM,CLEAR,5,1,7,1,0.2864,7.36
Bengaluru,Bhopal,RAIL,1144.2,634.2,MEDIUM,CLEAR,16,6,12,3,0.2126,28.07
Bhubaneswar,Kolkata,ROAD,364.9,794.2,HIGH,CLEAR,19,4,10,0,0.2759,12.88
Kochi,Coimbatore,ROAD,142.3,972.5,HIGH,RAIN,18,0,8,0,0.2573,6.0
Kolkata,Bhopal,RAIL,1124.0,6397.8,HIGH,CLEAR,0,2,8,2,0.1874,36.56
Visakhapatnam,Patna,RAIL,901.3,1136.9,HIGH,CLEAR,13,6,4,1,0.1679,23.44
Delhi,Bhubaneswar,RAIL,1270.2,248.9,LOW,CLEAR,20,2,12,3,0.1527,25.07
Hyderabad,Coimbatore,AIR,727.1,261.1,MEDIUM,CLEAR,14,6,1,1,0.2069,5.18
Patna,Nagpur,RAIL,790.9,1296.0,LOW,CLEAR,9,2,11,1,0.2105,15.7
Pune,Kochi,ROAD,989.7,282.8,MEDIUM,CLEAR,7,2,11,0,0.1798,25.02
Patna,Lucknow,ROAD,440.7,168.2,LOW,RAIN,16,5,4,0,0.1347,9.47
Bhubaneswar,Patna,RAIL,593.3,2351.1,LOW,CLEAR,17,5,7,1,0.2026,13.19
Delhi,Pune,RAIL,1173.0,2493.4,LOW,RAIN,19,1,11,1,0.047,21.02
Mumbai,Patna,RAIL,1453.2,705.0,MEDIUM,STORM,19,5,6,1,0.1655,37.9
Coimbatore,Delhi,RAIL,1956.9,1559.9,MEDIUM,SNOW,10,1,4,3,0.1558,44.43
Surat,Coimbatore,RAIL,1211.7,1374.4,LOW,RAIN,14,6,1,0,0.1604,15.75
Surat,Kolkata,RAIL,1609.7,2259.5,MEDIUM,CLEAR,6,0,6,0,0.1532,25.58
Lucknow,Nagpur,AIR,661.4,2265.8,LOW,RAIN,6,4,4,2,0.2251,9.92
Jaipur,Mumbai,ROAD,920.7,48.1,MEDIUM,STORM,4,1,11,2,0.2272,36.56
Nagpur,Chennai,RAIL,905.3,821.7,LOW,CLEAR,20,4,11,2,0.0989,18.36
Bhopal,Guwahati,RAIL,1481.2,2041.6,LOW,CLEAR,7,6,4,1,0.1052,27.45
Chennai,Visakhapatnam,ROAD,601.6,670.1,MEDIUM,SNOW,12,4,3,3,0.0049,24.53
Indore,Kolkata,RAIL,1283.1,1145.3,MEDIUM,CLEAR,11,3,4,0,0.034,19.98
Nagpur,Bengaluru,RAIL,922.7,2699.5,HIGH,SNOW,9,5,5,0,0.0787,29.47
Bengaluru,Visakhapatnam,RAIL,799.0,1208.5,MEDIUM,CLEAR,13,1,9,0,0.2297,13.68
Ahmedabad,Guwahati,RAIL,1966.8,6697.6,HIGH,CLEAR,0,3,2,0,0.2394,45.52
Kochi,Chennai,ROAD,559.5,4240.3,LOW,SNOW,10,6,12,2,0.0744,23.81
Indore,Nagpur,ROAD,376.4,951.2,LOW,RAIN,12,2,9,0,0.2609,8.55
Bengaluru,Hyderabad,ROAD,500.0,864.7,HIGH,RAIN,17,0,2,1,0.1127,23.67
Mumbai,Patna,ROAD,1453.2,35.9,LOW,SNOW,16,3,4,0,0.2394,32.22
Bhopal,Jaipur,RAIL,437.9,741.1,MEDIUM,SNOW,18,3,9,1,0.1401,12.15
Lucknow,Bengaluru,AIR,1581.9,216.2,LOW,CLEAR,10,5,7,0,0.2138,3.87
Guwahati,Pune,RAIL,2022.1,1430.1,MEDIUM,STORM,7,5,7,1,0.1069,51.74
Surat,Kochi,ROAD,1302.6,1317.4,LOW,CLEAR,11,2,1,0,0.0212,23.38
Coimbatore,Mumbai,ROAD,997.2,2527.6,MEDIUM,CLEAR,21,5,5,0,0.0762,23.38
Kolkata,Guwahati,ROAD,523.8,5860.6,MEDIUM,SNOW,8,1,8,0,0.2091,22.68
Jaipur,Indore,RAIL,466.3,1062.6,LOW,CLEAR,7,1,9,1,0.2754,11.2
Bengaluru,Bhubaneswar,ROAD,1196.1,16924.2,LOW,SNOW,21,4,6,1,0.1885,44.89
Bhopal,Coimbatore,RAIL,1362.2,1449.5,LOW,CLEAR,21,4,7,3,0.2307,28.29
Chennai,Delhi,RAIL,1755.8,227.6,LOW,CLEAR,7,5,3,2,0.0042,30.23
Lucknow,Kochi,RAIL,1944.0,558.6,LOW,CLEAR,17,4,10,0,0.228,27.58
Pune,Chennai,ROAD,914.4,701.1,HIGH,RAIN,11,0,9,0,0.2507,33.22
Chennai,Bengaluru,ROAD,290.2,2231.8,LOW,SNOW,12,4,9,0,0.1238,8.43
Delhi,Lucknow,RAIL,417.0,351.9,MEDIUM,CLEAR,13,3,9,0,0.1482,6.63
Surat,Coimbatore,RAIL,1211.7,767.0,MEDIUM,CLEAR,21,1,12,0,0.0157,18.18
Coimbatore,Kochi,ROAD,142.3,903.9,LOW,CLEAR,7,2,11,2,0.0524,9.73
Chennai,Surat,AIR,1196.8,640.5,LOW,CLEAR,17,5,10,2,0.0169,9.4
Jaipur,Chennai,RAIL,1607.1,2903.6,MEDIUM,RAIN,0,1,5,0,0.2194,27.08
Kolkata,Pune,ROAD,1575.4,2367.5,MEDIUM,RAIN,15,3,1,1,0.24,48.06
Visakhapatnam,Nagpur,ROAD,579.2,4446.5,HIGH,CLEAR,15,0,1,2,0.0326,27.11
Jaipur,Chennai,ROAD,1607.1,737.1,MEDIUM,CLEAR,17,5,10,0,0.2765,47.77
Guwahati,Surat,ROAD,2001.1,4642.6,MEDIUM,RAIN,20,1,11,2,0.2519,70.01
Kolkata,Mumbai,ROAD,1654.8,213.4,HIGH,CLEAR,17,6,8,3,0.1729,66.47
Delhi,Pune,RAIL,1173.0,207.3,HIGH,CLEAR,16,6,9,3,0.2935,32.28
Bhopal,Kolkata,ROAD,1124.0,255.6,HIGH,RAIN,8,5,2,1,0.2647,48.5
Nagpur,Coimbatore,AIR,1149.0,1108.8,LOW,CLEAR,23,2,7,0,0.0668,3.54
Guwahati,Bengaluru,AIR,2080.0,4641.8,HIGH,CLEAR,12,5,8,0,0.2862,9.81
Bhubaneswar,Kochi,ROAD,1541.8,532.4,HIGH,CLEAR,11,0,2,3,0.1329,53.45
Bhubaneswar,Nagpur,ROAD,706.9,618.9,MEDIUM,SNOW,13,2,10,0,0.0465,19.21
Indore,Guwahati,RAIL,1650.8,846.2,MEDIUM,CLEAR,11,0,5,0,0.06,23.31
Ahmedabad,Coimbatore,AIR,1413.7,2180.7,HIGH,SNOW,14,0,3,0,0.2053,5.07
Jaipur,Bengaluru,AIR,1561.5,618.2,MEDIUM,CLEAR,10,2,9,0,0.2963,4.12
Bengaluru,Patna,ROAD,1610.3,578.2,MEDIUM,CLEAR,8,4,6,0,0.1336,42.25
Jaipur,Bhopal,ROAD,437.9,218.2,MEDIUM,SNOW,20,6,7,2,0.1719,21.29
Ahmedabad,Bengaluru,ROAD,1237.0,552.2,MEDIUM,CLEAR,20,0,7,1,0.0901,28.64
Mumbai,Hyderabad,AIR,621.5,4505.0,MEDIUM,CLEAR,13,2,8,0,0.2536,6.0
Kolkata,Coimbatore,RAIL,1766.1,1223.1,LOW,CLEAR,21,4,5,0,0.0345,20.42
Surat,Pune,RAIL,313.6,451.3,LOW,RAIN,11,1,10,1,0.1747,7.5
Ahmedabad,Pune,RAIL,518.1,4833.7,LOW,CLEAR,10,5,11,1,0.1759,13.99
Guwahati,Visakhapatnam,ROAD,1286.2,543.3,MEDIUM,SNOW,20,3,6,2,0.0003,43.52
Lucknow,Hyderabad,RAIL,1082.1,6026.7,MEDIUM,CLEAR,15,3,3,2,0.2822,30.86
Guwahati,Chennai,ROAD,1882.2,5909.6,HIGH,CLEAR,17,0,4,0,0.2923,71.42
Nagpur,Bhopal,RAIL,291.6,1172.9,MEDIUM,CLEAR,11,1,10,2,0.1402,12.45
Mumbai,Guwahati,RAIL,2086.3,181.6,MEDIUM,CLEAR,11,6,4,1,0.2177,38.77
Kolkata,Chennai,RAIL,1358.4,17109.7,LOW,SNOW,5,6,10,1,0.2546,43.06
Patna,Hyderabad,ROAD,1142.6,1745.4,MEDIUM,CLEAR,21,3,8,1,0.035,29.77
Surat,Lucknow,AIR,1037.7,743.5,HIGH,STORM,8,4,6,0,0.0254,3.85
Pune,Chennai,RAIL,914.4,3454.2,MEDIUM,CLEAR,13,3,2,0,0.2068,17.03
Surat,Nagpur,ROAD,648.8,2547.2,HIGH,RAIN,6,3,7,1,0.1678,25.52
Coimbatore,Hyderabad,ROAD,727.1,5287.6,HIGH,CLEAR,15,4,9,0,0.2038,30.08
Ahmedabad,Bengaluru,RAIL,1237.0,495.3,LOW,SNOW,10,3,2,1,0.1716,19.37
Mumbai,Hyderabad,ROAD,621.5,1607.1,MEDIUM,CLEAR,17,0,10,0,0.2179,17.82
Pune,Coimbatore,ROAD,898.3,264.3,MEDIUM,RAIN,13,0,3,1,0.0465,22.65
Coimbatore,Surat,ROAD,1211.7,2439.6,MEDIUM,STORM,6,5,5,2,0.0647,48.31
Kochi,Jaipur,ROAD,1888.9,1066.8,LOW,RAIN,0,5,7,0,0.0711,36.63
Visakhapatnam,Chennai,ROAD,601.6,1536.4,LOW,CLEAR,8,1,9,0,0.125,13.23
Coimbatore,Nagpur,RAIL,1149.0,920.0,LOW,SNOW,16,0,3,1,0.2279,20.36
Bengaluru,Nagpur,ROAD,922.7,811.4,MEDIUM,CLEAR,18,1,5,0,0.2494,26.42
Hyderabad,Patna,RAIL,1142.6,386.9,LOW,CLEAR,10,4,10,0,0.1204,13.15
Delhi,Kolkata,ROAD,1303.8,2831.4,MEDIUM,CLEAR,13,4,4,1,0.1806,34.62
Mumbai,Patna,ROAD,1453.2,6552.8,MEDIUM,SNOW,8,1,8,0,0.0886,55.75
Visakhapatnam,Indore,ROAD,950.0,562.3,MEDIUM,CLEAR,19,1,5,1,0.1427,30.78
Coimbatore,Bhubaneswar,RAIL,1401.3,2130.8,HIGH,SNOW,21,1,1,0,0.2823,36.95
Chennai,Indore,AIR,1168.6,1842.0,MEDIUM,RAIN,17,3,7,0,0.0808,4.24
Patna,Visakhapatnam,ROAD,901.3,1107.3,LOW,CLEAR,6,1,5,0,0.2364,18.97
Surat,Hyderabad,ROAD,727.5,175.6,HIGH,CLEAR,11,3,4,3,0.0127,32.63
Delhi,Patna,ROAD,853.4,230.0,HIGH,RAIN,23,0,11,1,0.1036,27.97
Coimbatore,Delhi,ROAD,1956.9,429.6,MEDIUM,CLEAR,8,6,10,0,0.1976,57.82
Bhubaneswar,Patna,AIR,593.3,84.2,MEDIUM,CLEAR,16,6,4,0,0.2328,1.42
Bhopal,Indore,ROAD,170.1,5941.0,LOW,CLEAR,20,2,7,1,0.1777,11.83
Patna,Chennai,AIR,1481.5,1704.9,MEDIUM,SNOW,17,5,9,1,0.2608,8.25
Ahmedabad,Delhi,RAIL,775.7,1057.9,LOW,CLEAR,15,3,1,0,0.2462,10.98
Kochi,Patna,RAIL,1976.9,79.2,MEDIUM,CLEAR,13,0,2,0,0.1853,32.44
Jaipur,Kolkata,AIR,1357.8,122.9,LOW,CLEAR,20,1,7,0,0.1044,3.15
Guwahati,Lucknow,ROAD,1076.3,1093.6,MEDIUM,CLEAR,11,0,12,1,0.1091,26.25
Delhi,Guwahati,RAIL,1459.4,11667.8,LOW,STORM,19,4,12,2,0.1845,42.0
Chennai,Surat,ROAD,1196.8,474.2,LOW,RAIN,11,5,6,1,0.197,28.61
Guwahati,Coimbatore,AIR,2288.2,3092.0,LOW,RAIN,17,4,9,1,0.1184,12.54
Hyderabad,Chennai,RAIL,515.2,616.5,MEDIUM,SNOW,20,0,6,0,0.1193,8.22
Pune,Kolkata,ROAD,1575.4,1171.8,LOW,CLEAR,13,1,11,1,0.053,30.17
Kochi,Indore,AIR,1422.7,4710.8,MEDIUM,SNOW,9,3,7,1,0.0001,9.88
Chennai,Indore,ROAD,1168.6,724.0,LOW,STORM,3,1,11,0,0.1384,29.14
Surat,Kochi,ROAD,1302.6,479.1,MEDIUM,RAIN,17,0,5,2,0.2493,47.1
Hyderabad,Coimbatore,RAIL,727.1,6013.0,LOW,RAIN,15,2,12,0,0.23,15.01
Chennai,Visakhapatnam,ROAD,601.6,1158.3,HIGH,CLEAR,8,4,9,1,0.2982,22.31
Guwahati,Bengaluru,AIR,2080.0,4062.1,LOW,SNOW,19,0,10,1,0.2008,11.75
Chennai,Pune,RAIL,914.4,481.9,LOW,CLEAR,20,6,1,2,0.0702,19.29
Delhi,Coimbatore,RAIL,1956.9,5931.4,LOW,RAIN,19,3,10,0,0.2032,31.29
Nagpur,Surat,ROAD,648.8,1522.9,LOW,CLEAR,14,1,2,2,0.2485,20.2
Bhubaneswar,Bhopal,ROAD,928.8,1847.8,MEDIUM,RAIN,22,0,12,0,0.1923,27.47
Bengaluru,Mumbai,AIR,845.3,1284.3,LOW,SNOW,19,6,3,0,0.1445,3.17
Patna,Lucknow,ROAD,440.7,597.9,HIGH,RAIN,6,4,10,2,0.1856,23.04
Surat,Visakhapatnam,RAIL,1155.7,1094.4,MEDIUM,CLEAR,22,6,8,0,0.0077,18.06
Visakhapatnam,Nagpur,ROAD,579.2,644.8,LOW,RAIN,13,5,5,1,0.0795,16.28
Bengaluru,Kolkata,ROAD,1560.7,3468.4,MEDIUM,STORM,20,6,11,0,0.0473,60.81
Guwahati,Bhubaneswar,RAIL,887.3,859.5,LOW,RAIN,17,6,5,2,0.124,19.94
Indore,Guwahati,RAIL,1650.8,182.0,LOW,SNOW,15,5,1,1,0.2679,25.72
Visakhapatnam,Kochi,RAIL,1142.8,146.2,LOW,SNOW,9,5,1,0,0.0564,17.23
Ahmedabad,Delhi,AIR,775.7,138.1,LOW,SNOW,1,5,11,2,0.0213,6.87
Coimbatore,Indore,ROAD,1306.5,2302.1,LOW,CLEAR,9,1,5,0,0.2331,30.77
Indore,Visakhapatnam,ROAD,950.0,275.4,HIGH,CLEAR,16,4,10,1,0.2604,33.02
Bengaluru,Indore,ROAD,1099.4,1572.0,MEDIUM,SNOW,18,6,1,1,0.1594,42.15
Coimbatore,Bhopal,RAIL,1362.2,1291.9,HIGH,STORM,0,6,1,1,0.113,40.02
Kochi,Lucknow,ROAD,1944.0,1014.7,LOW,CLEAR,8,0,12,1,0.1292,46.31
Pune,Kolkata,RAIL,1575.4,1855.8,HIGH,CLEAR,16,0,2,2,0.1977,39.93
Surat,Hyderabad,ROAD,727.5,1326.1,LOW,CLEAR,9,1,9,1,0.2494,19.23
Ahmedabad,Patna,AIR,1304.5,42.4,LOW,SNOW,7,5,5,2,0.0568,8.92
Surat,Delhi,AIR,937.9,743.7,HIGH,SNOW,5,2,7,0,0.2707,3.27
Guwahati,Delhi,AIR,1459.4,1826.4,LOW,RAIN,15,4,2,0,0.1972,5.64
Bhubaneswar,Ahmedabad,ROAD,1402.2,7850.6,MEDIUM,CLEAR,14,0,4,1,0.2215,42.97
Kolkata,Kochi,AIR,1906.4,8297.8,HIGH,CLEAR,18,0,10,0,0.0261,12.13
Guwahati,Nagpur,ROAD,1402.1,213.6,MEDIUM,SNOW,9,5,7,0,0.2755,50.43
Jaipur,Bhopal,ROAD,437.9,720.8,MEDIUM,CLEAR,7,2,7,1,0.1585,14.89
Patna,Surat,ROAD,1348.1,167.4,LOW,CLEAR,17,0,12,1,0.1086,29.46
Kochi,Bengaluru,ROAD,367.7,6794.5,LOW,CLEAR,23,1,5,0,0.1197,13.28
Lucknow,Pune,RAIL,1176.7,3697.6,HIGH,SNOW,10,2,10,0,0.0879,32.1
Lucknow,Delhi,ROAD,417.0,1670.2,LOW,CLEAR,18,2,9,0,0.0489,10.22
Lucknow,Kochi,ROAD,1944.0,1338.5,LOW,CLEAR,17,6,6,0,0.0104,39.8
Bhubaneswar,Kochi,RAIL,1541.8,5748.9,LOW,CLEAR,19,1,4,0,0.0793,27.26
Ahmedabad,Hyderabad,AIR,879.5,4691.9,HIGH,STORM,11,4,5,2,0.149,13.29
Hyderabad,Pune,RAIL,505.8,4401.3,MEDIUM,CLEAR,6,1,11,0,0.2,12.48
Ahmedabad,Bhubaneswar,RAIL,1402.2,1897.0,MEDIUM,CLEAR,6,3,4,2,0.22,30.24
Chennai,Lucknow,ROAD,1532.1,721.2,HIGH,CLEAR,17,2,8,3,0.1787,55.39
Ahmedabad,Kochi,AIR,1507.8,2753.3,LOW,CLEAR,18,2,2,0,0.0348,4.93
Bengaluru,Jaipur,ROAD,1561.5,2919.7,HIGH,SNOW,12,4,5,3,0.1295,69.69
Delhi,Nagpur,ROAD,851.7,872.4,LOW,SNOW,4,4,12,0,0.2002,19.18
Patna,Surat,ROAD,1348.1,719.5,LOW,CLEAR,4,0,7,1,0.223,26.34
Delhi,Hyderabad,RAIL,1255.4,4272.6,LOW,SNOW,14,1,10,3,0.0974,28.76
Bhopal,Bhubaneswar,ROAD,928.8,8078.3,HIGH,CLEAR,20,1,4,2,0.2785,44.52
Kochi,Patna,RAIL,1976.9,446.2,HIGH,SNOW,11,6,10,0,0.2386,49.02
Patna,Kochi,ROAD,1976.9,799.5,MEDIUM,CLEAR,15,2,12,0,0.2555,49.69
Jaipur,Coimbatore,ROAD,1771.7,1670.9,LOW,CLEAR,13,4,12,0,0.2,34.93
Chennai,Kolkata,ROAD,1358.4,1966.3,LOW,SNOW,19,3,6,2,0.1241,39.99
Coimbatore,Delhi,ROAD,1956.9,585.9,MEDIUM,STORM,18,2,9,0,0.2803,81.34
Visakhapatnam,Bhopal,ROAD,865.7,10511.5,LOW,SNOW,7,0,11,1,0.2704,37.26
Indore,Pune,RAIL,511.2,1819.9,LOW,RAIN,16,3,10,0,0.2485,8.44
Delhi,Jaipur,RAIL,235.3,2074.9,MEDIUM,SNOW,18,6,12,0,0.2673,7.16
Mumbai,Kolkata,ROAD,1654.8,9051.3,MEDIUM,RAIN,20,6,1,0,0.275,56.4
Pune,Ahmedabad,RAIL,518.1,639.8,HIGH,CLEAR,14,2,7,0,0.2239,10.66
Chennai,Ahmedabad,ROAD,1371.8,986.2,MEDIUM,CLEAR,7,3,10,1,0.0601,40.97
Bhubaneswar,Ahmedabad,ROAD,1402.2,243.7,LOW,RAIN,14,2,9,0,0.1616,28.63
Kolkata,Patna,ROAD,469.2,891.7,MEDIUM,RAIN,15,6,2,0,0.1848,13.36
Hyderabad,Bhopal,ROAD,662.8,183.7,LOW,SNOW,8,3,7,1,0.232,21.9
Guwahati,Lucknow,ROAD,1076.3,2690.3,MEDIUM,CLEAR,22,6,2,0,0.1485,26.66
Visakhapatnam,Bengaluru,RAIL,799.0,1815.3,MEDIUM,CLEAR,8,5,2,1,0.1539,18.99
Kolkata,Bhopal,ROAD,1124.0,786.4,LOW,CLEAR,19,2,2,1,0.2987,27.17
Ahmedabad,Chennai,RAIL,1371.8,972.1,LOW,SNOW,11,3,12,1,0.1357,22.94
Surat,Pune,ROAD,313.6,2734.7,HIGH,CLEAR,0,3,4,0,0.039,12.41
Nagpur,Jaipur,RAIL,723.5,280.6,MEDIUM,SNOW,13,1,6,0,0.2129,12.51
Coimbatore,Bengaluru,RAIL,228.2,1401.1,MEDIUM,CLEAR,15,5,4,2,0.1088,12.82
Bhubaneswar,Ahmedabad,ROAD,1402.2,2538.7,MEDIUM,CLEAR,18,3,11,2,0.0746,42.88
Guwahati,Hyderabad,ROAD,1677.6,129.2,MEDIUM,SNOW,13,1,11,0,0.1885,49.07
Mumbai,Visakhapatnam,RAIL,1101.9,2494.7,LOW,CLEAR,6,3,8,0,0.2863,16.49
Kolkata,Bhubaneswar,AIR,364.9,147.1,HIGH,SNOW,20,5,10,0,0.0938,0.95
Bhopal,Mumbai,AIR,661.4,952.3,HIGH,CLEAR,14,2,2,1,0.1117,5.14
Mumbai,Indore,ROAD,509.8,271.5,LOW,RAIN,8,4,12,0,0.1396,12.23
Ahmedabad,Indore,RAIL,338.4,6108.9,LOW,RAIN,19,6,6,3,0.2064,19.4
Chennai,Ahmedabad,ROAD,1371.8,273.5,MEDIUM,SNOW,6,2,5,0,0.1188,35.35
Coimbatore,Lucknow,ROAD,1809.1,151.4,MEDIUM,CLEAR,6,6,3,3,0.1275,49.3
Delhi,Kochi,RAIL,2079.7,1286.9,LOW,CLEAR,13,2,11,0,0.2103,28.76
Bengaluru,Ahmedabad,RAIL,1237.0,667.5,MEDIUM,RAIN,15,3,3,0,0.2955,22.8
Chennai,Delhi,RAIL,1755.8,180.3,MEDIUM,STORM,13,5,11,0,0.095,32.14
Bengaluru,Ahmedabad,AIR,1237.0,2061.1,MEDIUM,SNOW,20,0,9,0,0.1756,5.07
Bhopal,Hyderabad,ROAD,662.8,100.5,LOW,SNOW,8,4,10,3,0.2383,23.69
Ahmedabad,Kolkata,RAIL,1618.9,316.2,LOW,RAIN,23,3,1,0,0.0636,19.75
Coimbatore,Bengaluru,ROAD,228.2,549.9,MEDIUM,RAIN,1,4,9,0,0.2455,6.07
Hyderabad,Guwahati,ROAD,1677.6,2871.7,HIGH,SNOW,6,6,12,3,0.1065,79.12
Surat,Bengaluru,ROAD,1042.5,5190.4,MEDIUM,SNOW,7,3,5,0,0.0333,39.0
Nagpur,Patna,AIR,790.9,4118.9,LOW,SNOW,5,6,6,0,0.0075,6.07
Indore,Patna,ROAD,994.0,912.4,HIGH,SNOW,11,3,2,0,0.0099,35.66
Kochi,Indore,ROAD,1422.7,59.6,LOW,SNOW,18,1,6,0,0.2393,36.63
Kolkata,Coimbatore,RAIL,1766.1,1752.9,MEDIUM,CLEAR,18,4,9,2,0.2025,36.15
Surat,Mumbai,AIR,232.9,6404.1,LOW,CLEAR,17,1,4,0,0.238,6.57
Visakhapatnam,Pune,AIR,993.7,4820.1,MEDIUM,STORM,0,6,9,1,0.2259,11.34
Bhubaneswar,Chennai,RAIL,996.3,1911.3,MEDIUM,RAIN,18,1,2,0,0.1143,20.29
Indore,Bhopal,ROAD,170.1,263.1,MEDIUM,CLEAR,11,3,9,0,0.2799,4.37
Nagpur,Indore,RAIL,376.4,583.8,LOW,RAIN,16,5,8,1,0.2634,9.3
Bhubaneswar,Ahmedabad,AIR,1402.2,11165.4,MEDIUM,RAIN,16,0,3,1,0.1045,16.4
Indore,Kolkata,AIR,1283.1,200.3,LOW,SNOW,7,3,5,1,0.2319,6.42
Coimbatore,Nagpur,AIR,1149.0,276.6,HIGH,SNOW,13,3,3,0,0.2459,2.8
Bengaluru,Kochi,ROAD,367.7,3398.4,LOW,CLEAR,20,2,8,0,0.1465,10.71
Pune,Jaipur,ROAD,953.9,653.7,MEDIUM,CLEAR,8,4,8,1,0.0361,28.46
Bengaluru,Jaipur,RAIL,1561.5,265.6,MEDIUM,CLEAR,16,2,7,1,0.1002,27.98
Delhi,Ahmedabad,ROAD,775.7,6860.7,LOW,SNOW,21,2,3,0,0.2966,24.06
Lucknow,Patna,ROAD,440.7,1907.0,LOW,CLEAR,10,1,3,0,0.2148,11.14
Kolkata,Guwahati,ROAD,523.8,693.6,LOW,RAIN,10,4,10,1,0.2324,15.74
Jaipur,Chennai,RAIL,1607.1,277.3,MEDIUM,RAIN,12,6,6,0,0.2736,28.92
Jaipur,Lucknow,AIR,511.7,12796.0,HIGH,RAIN,17,1,6,1,0.0608,18.0
Indore,Pune,RAIL,511.2,1064.9,MEDIUM,RAIN,11,2,4,1,0.2905,12.45
Coimbatore,Indore,AIR,1306.5,5865.2,HIGH,RAIN,12,1,12,0,0.1554,8.5
Visakhapatnam,Nagpur,RAIL,579.2,3204.7,LOW,RAIN,8,1,3,0,0.2234,12.16
Ahmedabad,Coimbatore,RAIL,1413.7,586.9,LOW,CLEAR,23,6,10,1,0.0955,19.87
Pune,Kochi,ROAD,989.7,592.6,HIGH,CLEAR,19,4,10,1,0.0988,39.06
Kochi,Kolkata,RAIL,1906.4,6220.3,HIGH,RAIN,14,6,3,2,0.1079,55.84
Bengaluru,Kolkata,ROAD,1560.7,6342.5,LOW,CLEAR,21,4,1,1,0.1044,37.14
Surat,Bhubaneswar,ROAD,1354.3,115.3,MEDIUM,SNOW,16,4,3,0,0.0188,37.34
Jaipur,Lucknow,ROAD,511.7,2121.2,HIGH,CLEAR,21,5,4,0,0.0929,18.62
Chennai,Delhi,AIR,1755.8,948.2,MEDIUM,SNOW,7,4,9,1,0.1942,8.09
Indore,Visakhapatnam,RAIL,950.0,317.4,MEDIUM,CLEAR,8,5,7,0,0.2706,17.94
Pune,Indore,AIR,511.2,1501.3,LOW,SNOW,19,2,6,1,0.0125,5.16
Chennai,Mumbai,AIR,1033.1,217.1,LOW,CLEAR,11,0,6,0,0.005,2.4
Nagpur,Kochi,AIR,1283.0,626.6,MEDIUM,RAIN,10,3,12,0,0.1777,3.88
Chennai,Indore,ROAD,1168.6,420.7,MEDIUM,CLEAR,17,0,12,0,0.2099,35.93
Nagpur,Indore,AIR,376.4,602.0,LOW,RAIN,15,0,1,2,0.1825,7.5
Chennai,Bhubaneswar,AIR,996.3,1006.5,LOW,CLEAR,10,0,11,1,0.2919,6.38
Jaipur,Lucknow,AIR,511.7,324.2,LOW,SNOW,11,0,5,1,0.0687,4.51
Visakhapatnam,Lucknow,ROAD,1044.9,7243.2,MEDIUM,RAIN,11,4,10,0,0.1444,34.49
Kolkata,Indore,ROAD,1283.1,1982.2,LOW,STORM,6,4,12,2,0.2748,40.92
Kochi,Chennai,AIR,559.5,9447.2,LOW,RAIN,8,6,7,2,0.1852,16.77
Patna,Chennai,ROAD,1481.5,905.0,LOW,RAIN,13,2,8,0,0.1731,31.45
Coimbatore,Visakhapatnam,ROAD,1002.3,567.6,HIGH,SNOW,17,2,6,1,0.2799,45.95
Chennai,Kolkata,ROAD,1358.4,9046.2,MEDIUM,CLEAR,11,3,1,2,0.1017,47.43
Patna,Surat,ROAD,1348.1,548.0,LOW,RAIN,10,5,1,0,0.0472,27.16
Coimbatore,Hyderabad,ROAD,727.1,885.4,MEDIUM,CLEAR,15,6,5,0,0.0388,18.02
Kochi,Kolkata,AIR,1906.4,2602.1,MEDIUM,RAIN,7,5,10,1,0.2466,11.06
Chennai,Bhopal,AIR,1171.1,248.3,MEDIUM,CLEAR,10,3,5,0,0.2571,2.86
Visakhapatnam,Jaipur,AIR,1278.6,2574.9,MEDIUM,CLEAR,8,6,6,1,0.0702,7.63
Bengaluru,Kolkata,ROAD,1560.7,2208.4,MEDIUM,RAIN,15,1,7,1,0.1371,43.6
Bhopal,Chennai,ROAD,1171.1,5030.1,MEDIUM,CLEAR,6,3,4,0,0.1755,30.79
Lucknow,Bhubaneswar,ROAD,881.6,3190.9,LOW,CLEAR,11,1,6,0,0.0417,16.26
Surat,Pune,ROAD,313.6,5218.5,LOW,CLEAR,14,1,8,1,0.2546,14.04
Surat,Ahmedabad,ROAD,207.7,960.5,LOW,SNOW,18,2,11,0,0.1257,6.22
Mumbai,Delhi,RAIL,1148.1,389.5,MEDIUM,CLEAR,16,5,10,0,0.259,20.45
Surat,Jaipur,AIR,705.5,13793.9,MEDIUM,CLEAR,21,2,10,0,0.228,14.49
Coimbatore,Jaipur,RAIL,1771.7,175.6,MEDIUM,STORM,16,5,7,2,0.0885,42.16
Jaipur,Nagpur,ROAD,723.5,198.0,LOW,STORM,10,4,9,0,0.215,20.69
Hyderabad,Chennai,ROAD,515.2,2160.6,MEDIUM,CLEAR,8,4,2,0,0.2222,15.49
Guwahati,Bengaluru,ROAD,2080.0,7707.8,LOW,RAIN,3,1,2,1,0.0934,51.81
Delhi,Patna,ROAD,853.4,1376.7,LOW,CLEAR,9,6,12,0,0.0761,20.62
Lucknow,Delhi,RAIL,417.0,3637.9,MEDIUM,STORM,7,1,8,1,0.247,14.71
Surat,Jaipur,ROAD,705.5,100.0,LOW,CLEAR,10,2,2,0,0.2034,13.23
Lucknow,Pune,RAIL,1176.7,602.2,LOW,CLEAR,16,5,5,2,0.2219,23.05
Coimbatore,Mumbai,AIR,997.2,115.7,LOW,CLEAR,16,4,12,0,0.0939,2.17
Jaipur,Surat,ROAD,705.5,2797.5,MEDIUM,RAIN,9,2,1,0,0.2167,25.03
Guwahati,Delhi,ROAD,1459.4,171.3,LOW,CLEAR,13,1,6,0,0.2143,27.96
Delhi,Visakhapatnam,ROAD,1360.9,236.7,HIGH,SNOW,8,3,11,2,0.1,68.35
Patna,Surat,ROAD,1348.1,2032.1,HIGH,CLEAR,13,3,12,2,0.0811,48.51
Bhopal,Patna,RAIL,823.9,3921.3,HIGH,RAIN,13,0,5,0,0.1294,22.79
Kolkata,Delhi,AIR,1303.8,906.2,LOW,SNOW,9,1,11,0,0.2217,3.99
Kolkata,Bhubaneswar,AIR,364.9,2173.7,MEDIUM,CLEAR,8,1,9,0,0.0581,2.72
Patna,Mumbai,RAIL,1453.2,2090.9,LOW,CLEAR,22,1,5,0,0.2623,19.71
Indore,Coimbatore,ROAD,1306.5,846.8,HIGH,CLEAR,13,2,10,0,0.0766,40.67
Indore,Nagpur,ROAD,376.4,294.8,MEDIUM,SNOW,14,0,10,2,0.2519,18.14
Delhi,Pune,ROAD,1173.0,2160.0,LOW,CLEAR,0,4,4,0,0.0467,21.82
Bhopal,Mumbai,ROAD,661.4,2288.6,LOW,SNOW,7,4,2,2,0.2218,27.64
Guwahati,Indore,AIR,1650.8,3206.2,HIGH,RAIN,10,1,10,0,0.1684,7.15
Mumbai,Delhi,ROAD,1148.1,1594.8,HIGH,RAIN,21,6,1,2,0.1984,48.15
Lucknow,Indore,ROAD,688.7,269.8,MEDIUM,RAIN,7,4,10,0,0.2922,21.28
Lucknow,Kochi,ROAD,1944.0,2510.9,MEDIUM,CLEAR,9,2,5,0,0.0158,47.8
Bhubaneswar,Hyderabad,ROAD,837.2,1094.8,MEDIUM,CLEAR,23,1,9,1,0.0447,22.42
Hyderabad,Kolkata,AIR,1181.9,614.4,HIGH,SNOW,12,3,8,0,0.0237,3.5
Lucknow,Kolkata,ROAD,887.0,770.0,MEDIUM,CLEAR,9,6,1,2,0.1559,29.69
Patna,Kolkata,ROAD,469.2,479.0,LOW,RAIN,15,0,1,1,0.2408,13.43
Delhi,Bengaluru,ROAD,1739.8,3186.3,MEDIUM,STORM,13,0,8,3,0.0164,64.99
Visakhapatnam,Kolkata,AIR,763.8,200.0,HIGH,CLEAR,21,2,7,2,0.2338,7.54
Visakhapatnam,Nagpur,RAIL,579.2,332.9,LOW,CLEAR,5,6,1,0,0.1299,6.98
Patna,Pune,RAIL,1402.5,739.1,LOW,CLEAR,17,1,12,0,0.2824,21.84
Indore,Kochi,ROAD,1422.7,7604.5,LOW,CLEAR,9,5,3,1,0.1148,38.83
Patna,Visakhapatnam,ROAD,901.3,3886.0,MEDIUM,STORM,17,4,11,0,0.2954,42.31
Kochi,Surat,AIR,1302.6,153.1,MEDIUM,STORM,18,1,2,1,0.167,6.83
Coimbatore,Pune,ROAD,898.3,5550.4,LOW,CLEAR,18,6,3,0,0.297,26.02
Jaipur,Coimbatore,ROAD,1771.7,5537.5,MEDIUM,STORM,18,1,7,1,0.1896,79.15
Lucknow,Kolkata,RAIL,887.0,268.1,LOW,CLEAR,16,3,7,0,0.1039,9.78
Indore,Lucknow,ROAD,688.7,53.2,HIGH,STORM,7,4,8,0,0.241,35.45
Chennai,Lucknow,ROAD,1532.1,1005.6,HIGH,SNOW,3,4,3,3,0.1461,67.29
Bhubaneswar,Patna,AIR,593.3,4217.1,MEDIUM,CLEAR,10,5,4,2,0.0926,12.11
Kochi,Surat,ROAD,1302.6,7402.1,MEDIUM,RAIN,13,4,4,0,0.1435,38.09
Indore,Kochi,ROAD,1422.7,385.7,LOW,SNOW,9,4,6,0,0.2616,36.04
Pune,Coimbatore,ROAD,898.3,8976.6,HIGH,CLEAR,17,1,12,1,0.2197,44.31
Pune,Ahmedabad,RAIL,518.1,75.7,MEDIUM,CLEAR,16,2,6,0,0.0521,8.25
Jaipur,Bhubaneswar,ROAD,1258.9,705.1,LOW,RAIN,22,2,12,1,0.2516,28.55
Nagpur,Chennai,ROAD,905.3,664.7,HIGH,CLEAR,11,2,4,1,0.1294,28.42
